slug,number,business_name,platform,status,page_title,url,final_url,load_time,tested_at
MjI1MA==,2250,Hanna Shabasov,Hydreight,ACTIVE,Hanna Shabasov,https://booking.hydreight.com/b/MjI1MA==,https://booking.hydreight.com/widget-business/gx70j,8.2253098487854,2025-06-30T08:22:50.129549
MjI1MQ==,2251,Hydrace,Hydreight,ACTIVE,Hydrace,https://booking.hydreight.com/b/MjI1MQ==,https://booking.hydreight.com/widget-business/xo29b,6.4220871925354,2025-06-30T08:23:05.168663
MjI1Mg==,2252,The Vibrant C,Hydreight,ACTIVE,The Vibrant C,https://booking.hydreight.com/b/MjI1Mg==,https://booking.hydreight.com/widget-business/wy18t,6.443262100219727,2025-06-30T08:23:19.650076
MjI1Mw==,2253,Thrive Life Wellness,Hydreight,ACTIVE,Thrive Life Wellness,https://booking.hydreight.com/b/MjI1Mw==,https://booking.hydreight.com/widget-business/qd50n,6.9368109703063965,2025-06-30T08:23:34.229062
MjI1NA==,2254,revIVe Cape Cod,Hydreight,ACTIVE,revIVe Cape Cod,https://booking.hydreight.com/b/MjI1NA==,https://booking.hydreight.com/widget-business/rh98e,8.186638116836548,2025-06-30T08:23:51.442601
MjI1NQ==,2255,Lidis Rodriguez,Hydreight,ACTIVE,Lidis Rodriguez,https://booking.hydreight.com/b/MjI1NQ==,https://booking.hydreight.com/widget-business/mc55v,6.883291244506836,2025-06-30T08:24:08.341254
MjI1Ng==,2256,Vital Revital,Hydreight,ACTIVE,Vital Revital,https://booking.hydreight.com/b/MjI1Ng==,https://booking.hydreight.com/widget-business/ap06r,7.2110748291015625,2025-06-30T08:24:24.008764
MjI1Nw==,2257,Dash IV Hydration and Wellness,Hydreight,ACTIVE,Dash IV Hydration and Wellness,https://booking.hydreight.com/b/MjI1Nw==,https://booking.hydreight.com/widget-business/ap03r,6.922076225280762,2025-06-30T08:24:38.770798
MjI1OA==,2258,Liquid Glow Vitality,Hydreight,ACTIVE,Liquid Glow Vitality,https://booking.hydreight.com/b/MjI1OA==,https://booking.hydreight.com/widget-business/eb00d,6.66051721572876,2025-06-30T08:24:53.579566
MjI1OQ==,2259,Amplified Health,Hydreight,ACTIVE,Amplified Health,https://booking.hydreight.com/b/MjI1OQ==,https://booking.hydreight.com/widget-business/la45o,6.6054847240448,2025-06-30T08:25:07.795359
MjI2MA==,2260,Infinity Drip and Wellness,Hydreight,ACTIVE,Infinity Drip and Wellness,https://booking.hydreight.com/b/MjI2MA==,https://booking.hydreight.com/widget-business/ul81n,6.948917388916016,2025-06-30T08:25:22.366414
MjI2MQ==,2261,Sage Integrative Wellness,Hydreight,ACTIVE,Sage Integrative Wellness,https://booking.hydreight.com/b/MjI2MQ==,https://booking.hydreight.com/widget-business/ye06z,7.268562078475952,2025-06-30T08:25:38.175342
MjI2Mg==,2262,Revive Hydration by J&C,Hydreight,ACTIVE,Revive Hydration by J&C,https://booking.hydreight.com/b/MjI2Mg==,https://booking.hydreight.com/widget-business/yb92o,6.813417196273804,2025-06-30T08:25:52.906126
MjI2Mw==,2263,Pure Hydration & Wellness,Hydreight,ACTIVE,Pure Hydration & Wellness,https://booking.hydreight.com/b/MjI2Mw==,https://booking.hydreight.com/widget-business/to81d,7.056836128234863,2025-06-30T08:26:05.349284
MjI2NA==,2264,BE Limitless Health and Wellness,Hydreight,ACTIVE,BE Limitless Health and Wellness,https://booking.hydreight.com/b/MjI2NA==,https://booking.hydreight.com/widget-business/ae75v,6.377142906188965,2025-06-30T08:26:19.569789
MjI2NQ==,2265,Frankly Infused,Hydreight,ACTIVE,Frankly Infused,https://booking.hydreight.com/b/MjI2NQ==,https://booking.hydreight.com/widget-business/mj49j,6.452081918716431,2025-06-30T08:26:34.147043
MjI2Ng==,2266,Revive and Thrive Hydration,Hydreight,ACTIVE,Revive and Thrive Hydration,https://booking.hydreight.com/b/MjI2Ng==,https://booking.hydreight.com/widget-business/mw61x,6.994811296463013,2025-06-30T08:26:48.857736
MjI2Nw==,2267,The Fountain,Hydreight,ACTIVE,The Fountain,https://booking.hydreight.com/b/MjI2Nw==,https://booking.hydreight.com/widget-business/wm22a,6.675381183624268,2025-06-30T08:27:02.900463
MjI2OA==,2268,Cindy Chery,Hydreight,ACTIVE,Cindy Chery,https://booking.hydreight.com/b/MjI2OA==,https://booking.hydreight.com/b/MjI2OA==,6.651118993759155,2025-06-30T08:27:16.941504
MjI2OQ==,2269,L.IV.IN. Hydration Studio,Hydreight,ACTIVE,L.IV.IN. Hydration Studio,https://booking.hydreight.com/b/MjI2OQ==,https://booking.hydreight.com/widget-business/lb05v,6.6518731117248535,2025-06-30T08:27:31.327919
MjI3MA==,2270,Ralph Sesbreno,Hydreight,ACTIVE,Ralph Sesbreno,https://booking.hydreight.com/b/MjI3MA==,https://booking.hydreight.com/widget-business/ll24v,7.416899919509888,2025-06-30T08:27:46.087750
MjI3MQ==,2271,Drip in Paradise,Hydreight,ACTIVE,Drip in Paradise,https://booking.hydreight.com/b/MjI3MQ==,https://booking.hydreight.com/widget-business/tb07y,7.006436824798584,2025-06-30T08:27:58.491406
MjI3Mg==,2272,Maryanne Omorebokhae,Hydreight,ACTIVE,Maryanne Omorebokhae,https://booking.hydreight.com/b/MjI3Mg==,https://booking.hydreight.com/widget-business/pj15r,7.046111822128296,2025-06-30T08:28:13.442577
MjI3Mw==,2273,The Drip Retreat,Hydreight,ACTIVE,The Drip Retreat,https://booking.hydreight.com/b/MjI3Mw==,https://booking.hydreight.com/widget-business/jf30f,7.28307580947876,2025-06-30T08:28:28.216280
MjI3NA==,2274,East Coast Hydration,Hydreight,ACTIVE,East Coast Hydration,https://booking.hydreight.com/b/MjI3NA==,https://booking.hydreight.com/widget-business/sy22g,6.79015326499939,2025-06-30T08:28:42.912273
MjI3NQ==,2275,Holistic Nurse Shonna,Hydreight,ACTIVE,Holistic Nurse Shonna,https://booking.hydreight.com/b/MjI3NQ==,https://booking.hydreight.com/widget-business/ft12m,7.0367348194122314,2025-06-30T08:28:57.574084
MjI3Ng==,2276,Flowology Health and Wellness,Hydreight,ACTIVE,Flowology Health and Wellness,https://booking.hydreight.com/b/MjI3Ng==,https://booking.hydreight.com/widget-business/ld63l,6.5820910930633545,2025-06-30T08:29:11.437609
MjI3Nw==,2277,Hydration Lab,Hydreight,ACTIVE,Hydration Lab,https://booking.hydreight.com/b/MjI3Nw==,https://booking.hydreight.com/widget-business/ze26j,7.010838031768799,2025-06-30T08:29:26.068082
MjI3OA==,2278,Jade Cobarrubia,Hydreight,ACTIVE,Jade Cobarrubia,https://booking.hydreight.com/b/MjI3OA==,https://booking.hydreight.com/widget-business/ov96r,7.2316977977752686,2025-06-30T08:29:40.614439
MjI3OQ==,2279,Dallas Executive Wellness,Hydreight,ACTIVE,Dallas Executive Wellness,https://booking.hydreight.com/b/MjI3OQ==,https://booking.hydreight.com/widget-business/xq30v,6.792030096054077,2025-06-30T08:29:54.930422
MjI4MA==,2280,"La Clinca IV Infusion Therapy, LLC",Hydreight,ACTIVE,"La Clinca IV Infusion Therapy, LLC",https://booking.hydreight.com/b/MjI4MA==,https://booking.hydreight.com/widget-business/jk52p,6.467705011367798,2025-06-30T08:30:09.235095
MjI4MQ==,2281,Virtù Wellness Clinic LLC,Hydreight,ACTIVE,Virtù Wellness Clinic LLC,https://booking.hydreight.com/b/MjI4MQ==,https://booking.hydreight.com/widget-business/wn30b,6.666535139083862,2025-06-30T08:30:23.678415
MjI4Mg==,2282,Stacey Michael,Hydreight,ACTIVE,Stacey Michael,https://booking.hydreight.com/b/MjI4Mg==,https://booking.hydreight.com/widget-business/di35i,6.436283826828003,2025-06-30T08:30:37.784631
MjI4Mw==,2283,Dikshya Acharya,Hydreight,ACTIVE,Dikshya Acharya,https://booking.hydreight.com/b/MjI4Mw==,https://booking.hydreight.com/widget-business/yd05y,6.461829900741577,2025-06-30T08:30:51.727496
MjI4NA==,2284,Axiom Infusions & Wellness,Hydreight,ACTIVE,Axiom Infusions & Wellness,https://booking.hydreight.com/b/MjI4NA==,https://booking.hydreight.com/widget-business/zp88h,6.453421115875244,2025-06-30T08:31:05.500007
MjI4NQ==,2285,Bien-Être Med Spa LLC,Hydreight,ACTIVE,Bien-Être Med Spa LLC,https://booking.hydreight.com/b/MjI4NQ==,https://booking.hydreight.com/widget-business/nw42g,6.6359851360321045,2025-06-30T08:31:19.404022
MjI5Ng==,2296,Under Care Infusion Therapy,Hydreight,ACTIVE,Under Care Infusion Therapy,https://booking.hydreight.com/b/MjI5Ng==,https://booking.hydreight.com/widget-business/sr18l,7.010653972625732,2025-06-30T08:33:53.444291
MjI5Nw==,2297,Revive beauty center,Hydreight,ACTIVE,Revive beauty center,https://booking.hydreight.com/b/MjI5Nw==,https://booking.hydreight.com/widget-business/ja22r,6.81215500831604,2025-06-30T08:34:07.933757
MjI5OA==,2298,Libby Aberle,Hydreight,ACTIVE,Libby Aberle,https://booking.hydreight.com/b/MjI5OA==,https://booking.hydreight.com/widget-business/ql43g,6.85841703414917,2025-06-30T08:34:22.717280
MjI5OQ==,2299,MacKenzie Swindall,Hydreight,ACTIVE,MacKenzie Swindall,https://booking.hydreight.com/b/MjI5OQ==,https://booking.hydreight.com/widget-business/jd05h,7.624420642852783,2025-06-30T08:34:38.309198
MjMwMA==,2300,NovaDrip Wellness Solutions LLC,Hydreight,ACTIVE,NovaDrip Wellness Solutions LLC,https://booking.hydreight.com/b/MjMwMA==,https://booking.hydreight.com/widget-business/ez92p,7.213496685028076,2025-06-30T08:34:53.364205
MjMwMQ==,2301,SG Wellness & Hydration,Hydreight,ACTIVE,SG Wellness & Hydration,https://booking.hydreight.com/b/MjMwMQ==,https://booking.hydreight.com/widget-business/vh85n,6.859155178070068,2025-06-30T08:35:07.936247
MjMwMg==,2302,Kim Sthilaire,Hydreight,ACTIVE,Kim Sthilaire,https://booking.hydreight.com/b/MjMwMg==,https://booking.hydreight.com/widget-business/po68y,6.993165016174316,2025-06-30T08:35:22.333594
MjMwMw==,2303,Emily Attaway,Hydreight,ACTIVE,Emily Attaway,https://booking.hydreight.com/b/MjMwMw==,https://booking.hydreight.com/widget-business/td57j,6.818414926528931,2025-06-30T08:35:36.811142
MjMwNA==,2304,Rejuvenation Station,Hydreight,ACTIVE,Rejuvenation Station,https://booking.hydreight.com/b/MjMwNA==,https://booking.hydreight.com/widget-business/li39r,7.081071138381958,2025-06-30T08:35:51.432362
MjMwNQ==,2305,Hydration Station,Hydreight,ACTIVE,Hydration Station,https://booking.hydreight.com/b/MjMwNQ==,https://booking.hydreight.com/widget-business/ls81a,6.782793998718262,2025-06-30T08:36:05.765774
MjMwNg==,2306,Jill Norris,Hydreight,ACTIVE,Jill Norris,https://booking.hydreight.com/b/MjMwNg==,https://booking.hydreight.com/b/MjMwNg==,6.663737058639526,2025-06-30T08:36:20.553321
MjMwNw==,2307,A’shored IV Hydration & Wellness,Hydreight,ACTIVE,A’shored IV Hydration & Wellness,https://booking.hydreight.com/b/MjMwNw==,https://booking.hydreight.com/widget-business/xa19p,7.265789985656738,2025-06-30T08:36:35.483363
MjMwOA==,2308,IVitaDrip Hydration + Wellness,Hydreight,ACTIVE,IVitaDrip Hydration + Wellness,https://booking.hydreight.com/b/MjMwOA==,https://booking.hydreight.com/widget-business/rk74t,6.649139165878296,2025-06-30T08:36:50.082557
MjMwOQ==,2309,"Peak IV Hydration & Wellness, LLC",Hydreight,ACTIVE,"Peak IV Hydration & Wellness, LLC",https://booking.hydreight.com/b/MjMwOQ==,https://booking.hydreight.com/widget-business/qk82a,6.821742296218872,2025-06-30T08:37:04.441085
MjMxMA==,2310,"FRENCHIE'S,LLC",Hydreight,ACTIVE,"FRENCHIE'S,LLC",https://booking.hydreight.com/b/MjMxMA==,https://booking.hydreight.com/widget-business/hd59i,7.312344789505005,2025-06-30T08:37:19.227009
MjMxMQ==,2311,Maryssa’s Mobile IV Therapy,Hydreight,ACTIVE,Maryssa’s Mobile IV Therapy,https://booking.hydreight.com/b/MjMxMQ==,https://booking.hydreight.com/widget-business/jw34v,6.183110952377319,2025-06-30T08:37:33.032660
MjMxMg==,2312,Drip Happens,Hydreight,ACTIVE,Drip Happens,https://booking.hydreight.com/b/MjMxMg==,https://booking.hydreight.com/widget-business/zj66e,6.305567264556885,2025-06-30T08:37:46.702748
MjMxMw==,2313,SendADrip by SendANurse,Hydreight,ACTIVE,SendADrip by SendANurse,https://booking.hydreight.com/b/MjMxMw==,https://booking.hydreight.com/widget-business/cc96k,6.647192001342773,2025-06-30T08:38:00.694760
MjMxNA==,2314,Lisa Newell,Hydreight,ACTIVE,Lisa Newell,https://booking.hydreight.com/b/MjMxNA==,https://booking.hydreight.com/widget-business/fz19q,6.46655011177063,2025-06-30T08:38:14.907373
MjMxNQ==,2315,Camel City Drip,Hydreight,ACTIVE,Camel City Drip,https://booking.hydreight.com/b/MjMxNQ==,https://booking.hydreight.com/widget-business/yt68g,6.820749998092651,2025-06-30T08:38:29.879164
MjMxNg==,2316,Jessica Resendez,Hydreight,ACTIVE,Jessica Resendez,https://booking.hydreight.com/b/MjMxNg==,https://booking.hydreight.com/widget-business/kb34p,6.677368879318237,2025-06-30T08:38:43.844305
MjMxNw==,2317,Lonnie Law,Hydreight,ACTIVE,Lonnie Law,https://booking.hydreight.com/b/MjMxNw==,https://booking.hydreight.com/widget-business/jh55w,6.866959810256958,2025-06-30T08:38:58.236365
MjMxOA==,2318,Busy Bee Wellness,Hydreight,ACTIVE,Busy Bee Wellness,https://booking.hydreight.com/b/MjMxOA==,https://booking.hydreight.com/widget-business/ak67b,6.668115854263306,2025-06-30T08:39:12.654655
MjMxOQ==,2319,Tania Ludwig,Hydreight,ACTIVE,Tania Ludwig,https://booking.hydreight.com/b/MjMxOQ==,https://booking.hydreight.com/widget-business/ab60x,6.474539041519165,2025-06-30T08:39:26.988668
MjMyMA==,2320,Sunshine Boost IV LLC,Hydreight,ACTIVE,Sunshine Boost IV LLC,https://booking.hydreight.com/b/MjMyMA==,https://booking.hydreight.com/widget-business/xg91c,6.648439168930054,2025-06-30T08:39:41.110756
MjMyMQ==,2321,Hydramove Care LLC,Hydreight,ACTIVE,Hydramove Care LLC,https://booking.hydreight.com/b/MjMyMQ==,https://booking.hydreight.com/widget-business/lq13n,6.650566101074219,2025-06-30T08:39:55.880392
MjMyMg==,2322,Revive Mobile IV,Hydreight,ACTIVE,Revive Mobile IV,https://booking.hydreight.com/b/MjMyMg==,https://booking.hydreight.com/widget-business/sj72n,6.515726804733276,2025-06-30T08:40:09.870113
MjMyMw==,2323,Vita Drip Infusions,Hydreight,ACTIVE,Vita Drip Infusions,https://booking.hydreight.com/b/MjMyMw==,https://booking.hydreight.com/widget-business/ov66t,6.305240154266357,2025-06-30T08:40:23.871645
MjMyNg==,2326,In~line Therapeutics by Luciana,Hydreight,ACTIVE,In~line Therapeutics by Luciana,https://booking.hydreight.com/b/MjMyNg==,https://booking.hydreight.com/widget-business/eq63h,6.576647758483887,2025-06-30T08:41:06.474412
MjMyNw==,2327,"The Body Project, LLC",Hydreight,ACTIVE,"The Body Project, LLC",https://booking.hydreight.com/b/MjMyNw==,https://booking.hydreight.com/widget-business/vy29b,6.854133129119873,2025-06-30T08:41:20.853563
MjMyOA==,2328,LIVeWell Hydration,Hydreight,ACTIVE,LIVeWell Hydration,https://booking.hydreight.com/b/MjMyOA==,https://booking.hydreight.com/widget-business/sq92e,6.65965723991394,2025-06-30T08:41:35.074397
MjMyOQ==,2329,"Duryea, PA Mobile IV wellness Hydration",Hydreight,ACTIVE,"Duryea, PA Mobile IV wellness Hydration",https://booking.hydreight.com/b/MjMyOQ==,https://booking.hydreight.com/widget-business/tz78n,6.479583978652954,2025-06-30T08:41:49.485522
MjMzMA==,2330,Apex IV and Hydration,Hydreight,ACTIVE,Apex IV and Hydration,https://booking.hydreight.com/b/MjMzMA==,https://booking.hydreight.com/widget-business/uk05u,6.783875942230225,2025-06-30T08:42:03.778753
MjMzMQ==,2331,Salt and Lyte Mobile IV hydration,Hydreight,ACTIVE,Salt and Lyte Mobile IV hydration,https://booking.hydreight.com/b/MjMzMQ==,https://booking.hydreight.com/widget-business/mg63p,6.450982332229614,2025-06-30T08:42:17.953590
MjMzMg==,2332,Camille Andronache,Hydreight,ACTIVE,Camille Andronache,https://booking.hydreight.com/b/MjMzMg==,https://booking.hydreight.com/widget-business/lf25s,6.847308874130249,2025-06-30T08:42:32.702362
MjMzMw==,2333,Vital Cove,Hydreight,ACTIVE,Vital Cove,https://booking.hydreight.com/b/MjMzMw==,https://booking.hydreight.com/widget-business/po59p,7.6445231437683105,2025-06-30T08:42:48.203771
MjMzNA==,2334,Sophie Xyloportas,Hydreight,ACTIVE,Sophie Xyloportas,https://booking.hydreight.com/b/MjMzNA==,https://booking.hydreight.com/widget-business/mj48o,7.805437088012695,2025-06-30T08:43:04.903381
MjMzNQ==,2335,Sun City IV Solutions Llc,Hydreight,ACTIVE,Sun City IV Solutions Llc,https://booking.hydreight.com/b/MjMzNQ==,https://booking.hydreight.com/widget-business/ti99m,6.466694116592407,2025-06-30T08:43:18.891864
MjMzNg==,2336,Rooted Collective Wellness Co.,Hydreight,ACTIVE,Rooted Collective Wellness Co.,https://booking.hydreight.com/b/MjMzNg==,https://booking.hydreight.com/widget-business/sg63z,6.459003210067749,2025-06-30T08:43:33.075934
MjMzNw==,2337,LIV Home Infusions,Hydreight,ACTIVE,LIV Home Infusions,https://booking.hydreight.com/b/MjMzNw==,https://booking.hydreight.com/widget-business/py17h,6.475899696350098,2025-06-30T08:43:46.911136
MjMzOA==,2338,Michelle McKinney,Hydreight,ACTIVE,Michelle McKinney,https://booking.hydreight.com/b/MjMzOA==,https://booking.hydreight.com/widget-business/wj06l,6.673478841781616,2025-06-30T08:44:01.543088
MjMzOQ==,2339,Kerri Rodriguez,Hydreight,ACTIVE,Kerri Rodriguez,https://booking.hydreight.com/b/MjMzOQ==,https://booking.hydreight.com/widget-business/yn80p,6.439162254333496,2025-06-30T08:44:18.285433
MjM0MA==,2340,Nancy Mattone,Hydreight,ACTIVE,Nancy Mattone,https://booking.hydreight.com/b/MjM0MA==,https://booking.hydreight.com/widget-business/an69w,6.433955907821655,2025-06-30T08:44:33.055238
MjM0MQ==,2341,Boost 305,Hydreight,ACTIVE,Boost 305,https://booking.hydreight.com/b/MjM0MQ==,https://booking.hydreight.com/widget-business/ik59r,7.00174880027771,2025-06-30T08:44:49.134884
MjM0Mg==,2342,Vital Voyage Mobile Wellness,Hydreight,ACTIVE,Vital Voyage Mobile Wellness,https://booking.hydreight.com/b/MjM0Mg==,https://booking.hydreight.com/widget-business/hq84j,7.2073259353637695,2025-06-30T08:45:04.793030
MjM0Mw==,2343,RevIVe On The Go LLC,Hydreight,ACTIVE,RevIVe On The Go LLC,https://booking.hydreight.com/b/MjM0Mw==,https://booking.hydreight.com/widget-business/ze99x,6.638701915740967,2025-06-30T08:45:19.478995
MjM0NA==,2344,Resolute Vitality,Hydreight,ACTIVE,Resolute Vitality,https://booking.hydreight.com/b/MjM0NA==,https://booking.hydreight.com/widget-business/ei65q,6.469190835952759,2025-06-30T08:45:33.468532
MjM0NQ==,2345,Zoe Hydration,Hydreight,ACTIVE,Zoe Hydration,https://booking.hydreight.com/b/MjM0NQ==,https://booking.hydreight.com/widget-business/of68q,6.482500791549683,2025-06-30T08:45:47.377942
MjM0Ng==,2346,Shannon Sessions,Hydreight,ACTIVE,Shannon Sessions,https://booking.hydreight.com/b/MjM0Ng==,https://booking.hydreight.com/widget-business/tp37i,6.482452869415283,2025-06-30T08:46:01.879459
MjM0Nw==,2347,Nurse V Wellness & Athletics,Hydreight,ACTIVE,Nurse V Wellness & Athletics,https://booking.hydreight.com/b/MjM0Nw==,https://booking.hydreight.com/widget-business/wb45g,6.448627948760986,2025-06-30T08:46:15.842758
MjM0OA==,2348,Revive with Rebecca,Hydreight,ACTIVE,Revive with Rebecca,https://booking.hydreight.com/b/MjM0OA==,https://booking.hydreight.com/widget-business/is13y,6.864569187164307,2025-06-30T08:46:30.772202
MjM0OQ==,2349,Amy Eaton,Hydreight,ACTIVE,Amy Eaton,https://booking.hydreight.com/b/MjM0OQ==,https://booking.hydreight.com/widget-business/bt48y,6.451877117156982,2025-06-30T08:46:44.824156
MjM1MA==,2350,RL Mobile Hydrotherapy & Wellness LLC,Hydreight,ACTIVE,RL Mobile Hydrotherapy & Wellness LLC,https://booking.hydreight.com/b/MjM1MA==,https://booking.hydreight.com/widget-business/hd41p,6.447696924209595,2025-06-30T08:46:59.340854
MjM1MQ==,2351,Rejuven8 At Home,Hydreight,ACTIVE,Rejuven8 At Home,https://booking.hydreight.com/b/MjM1MQ==,https://booking.hydreight.com/widget-business/cd71o,6.483752012252808,2025-06-30T08:47:13.697143
MjM1Mg==,2352,Drip Society,Hydreight,ACTIVE,Drip Society,https://booking.hydreight.com/b/MjM1Mg==,https://booking.hydreight.com/widget-business/wq21w,6.447864055633545,2025-06-30T08:47:28.058666
MjM1Mw==,2353,Inner Beauty Hydration & Wellness,Hydreight,ACTIVE,Inner Beauty Hydration & Wellness,https://booking.hydreight.com/b/MjM1Mw==,https://booking.hydreight.com/widget-business/ao67x,7.269973993301392,2025-06-30T08:47:43.014582
MjM1NA==,2354,Hydrate 2 Wellness,Hydreight,ACTIVE,Hydrate 2 Wellness,https://booking.hydreight.com/b/MjM1NA==,https://booking.hydreight.com/widget-business/gw68s,7.696491956710815,2025-06-30T08:47:58.596749
MjM1NQ==,2355,Ryan Glattli,Hydreight,ACTIVE,Ryan Glattli,https://booking.hydreight.com/b/MjM1NQ==,https://booking.hydreight.com/widget-business/tb99c,6.477828025817871,2025-06-30T08:48:12.611221
MjM1Ng==,2356,Casey White,Hydreight,ACTIVE,Casey White,https://booking.hydreight.com/b/MjM1Ng==,https://booking.hydreight.com/widget-business/pe71q,6.83176326751709,2025-06-30T08:48:26.947259
MjM1Nw==,2357,Pfluid for life vitamin infusion,Hydreight,ACTIVE,Pfluid for life vitamin infusion,https://booking.hydreight.com/b/MjM1Nw==,https://booking.hydreight.com/widget-business/fw72x,6.39284086227417,2025-06-30T08:48:40.695864
MjM1OA==,2358,Sara O’Brien,Hydreight,ACTIVE,Sara O’Brien,https://booking.hydreight.com/b/MjM1OA==,https://booking.hydreight.com/widget-business/wy66n,6.398728847503662,2025-06-30T08:48:54.446190
MjM1OQ==,2359,Mitten Home Infusion: Nurse On Demand™,Hydreight,ACTIVE,Mitten Home Infusion: Nurse On Demand™,https://booking.hydreight.com/b/MjM1OQ==,https://booking.hydreight.com/widget-business/ro40p,6.638345003128052,2025-06-30T08:49:09.214167
MjM2MA==,2360,Courtney's Mobile IV & Injections,Hydreight,ACTIVE,Courtney's Mobile IV & Injections,https://booking.hydreight.com/b/MjM2MA==,https://booking.hydreight.com/widget-business/ud10y,6.790895938873291,2025-06-30T08:49:24.469112
MjM2MQ==,2361,Clearwater Hydration LLC,Hydreight,ACTIVE,Clearwater Hydration LLC,https://booking.hydreight.com/b/MjM2MQ==,https://booking.hydreight.com/widget-business/ot71d,6.853830099105835,2025-06-30T08:49:39.037564
MjM2Mg==,2362,Fusion IV Clinic,Hydreight,ACTIVE,Fusion IV Clinic,https://booking.hydreight.com/b/MjM2Mg==,https://booking.hydreight.com/widget-business/ph77u,6.678646087646484,2025-06-30T08:49:53.396430
MjM2Mw==,2363,Hydration and Wellness Center,Hydreight,ACTIVE,Hydration and Wellness Center,https://booking.hydreight.com/b/MjM2Mw==,https://booking.hydreight.com/widget-business/ie25l,6.868658065795898,2025-06-30T08:50:07.815409
MjM2OQ==,2369,Brad Howard,Hydreight,ACTIVE,Brad Howard,https://booking.hydreight.com/b/MjM2OQ==,https://booking.hydreight.com/b/MjM2OQ==,6.881891965866089,2025-06-30T08:51:36.083753
MjM3MA==,2370,Mobile IV Hydration and Wellness,Hydreight,ACTIVE,Mobile IV Hydration and Wellness,https://booking.hydreight.com/b/MjM3MA==,https://booking.hydreight.com/widget-business/ku65r,6.667048931121826,2025-06-30T08:51:50.330146
MjM3MQ==,2371,Emily Jaggers,Hydreight,ACTIVE,Emily Jaggers,https://booking.hydreight.com/b/MjM3MQ==,https://booking.hydreight.com/widget-business/la97f,6.576195001602173,2025-06-30T08:52:04.773764
MjM3Mg==,2372,Daniel Munoz,Hydreight,ACTIVE,Daniel Munoz,https://booking.hydreight.com/b/MjM3Mg==,https://booking.hydreight.com/widget-business/jq07f,7.011348009109497,2025-06-30T08:52:19.687594
MjM3Mw==,2373,Tristan Julian,Hydreight,ACTIVE,Tristan Julian,https://booking.hydreight.com/b/MjM3Mw==,https://booking.hydreight.com/widget-business/ql32z,6.875387191772461,2025-06-30T08:52:34.525038
MjM3NA==,2374,HydraBloom Wellness,Hydreight,ACTIVE,HydraBloom Wellness,https://booking.hydreight.com/b/MjM3NA==,https://booking.hydreight.com/widget-business/iy16t,6.646333932876587,2025-06-30T08:52:49.092244
MjM3NQ==,2375,Dyana Martin,Hydreight,ACTIVE,Dyana Martin,https://booking.hydreight.com/b/MjM3NQ==,https://booking.hydreight.com/widget-business/rb21h,6.458895206451416,2025-06-30T08:53:03.529348
MjM3Ng==,2376,Philomen Mcfee,Hydreight,ACTIVE,Philomen Mcfee,https://booking.hydreight.com/b/MjM3Ng==,https://booking.hydreight.com/widget-business/di44k,6.471464157104492,2025-06-30T08:53:18.307023
MjM3Nw==,2377,Not Your Average Drip,Hydreight,ACTIVE,Not Your Average Drip,https://booking.hydreight.com/b/MjM3Nw==,https://booking.hydreight.com/widget-business/qx97a,6.364890098571777,2025-06-30T08:53:34.000645
MjM3OA==,2378,Kimberly Charest,Hydreight,ACTIVE,Kimberly Charest,https://booking.hydreight.com/b/MjM3OA==,https://booking.hydreight.com/b/MjM3OA==,6.468928098678589,2025-06-30T08:53:48.723265
MjM4MQ==,2381,Lisa Berrios,Hydreight,ACTIVE,Lisa Berrios,https://booking.hydreight.com/b/MjM4MQ==,https://booking.hydreight.com/widget-business/rb40b,6.819890975952148,2025-06-30T08:54:34.133811
MjM4Mg==,2382,Fabiana Lopapa Jones,Hydreight,ACTIVE,Fabiana Lopapa Jones,https://booking.hydreight.com/b/MjM4Mg==,https://booking.hydreight.com/widget-business/yy51n,6.479103088378906,2025-06-30T08:54:48.142167
MjM4Mw==,2383,Minitwabe Ademe,Hydreight,ACTIVE,Minitwabe Ademe,https://booking.hydreight.com/b/MjM4Mw==,https://booking.hydreight.com/widget-business/zg11m,7.0602428913116455,2025-06-30T08:55:00.603715
MjM4NA==,2384,Debbie Bosworth,Hydreight,ACTIVE,Debbie Bosworth,https://booking.hydreight.com/b/MjM4NA==,https://booking.hydreight.com/widget-business/mq46k,6.650720834732056,2025-06-30T08:55:14.900818
MjM4NQ==,2385,Sophia Ephraim,Hydreight,ACTIVE,Sophia Ephraim,https://booking.hydreight.com/b/MjM4NQ==,https://booking.hydreight.com/widget-business/fp11x,6.488837242126465,2025-06-30T08:55:29.165086
MjM4Ng==,2386,Uptown Med Spa & Wellness,Hydreight,ACTIVE,Uptown Med Spa & Wellness,https://booking.hydreight.com/b/MjM4Ng==,https://booking.hydreight.com/widget-business/mg14a,6.449504852294922,2025-06-30T08:55:43.087755
MjM4Nw==,2387,Souls-IV-Replenish,Hydreight,ACTIVE,Souls-IV-Replenish,https://booking.hydreight.com/b/MjM4Nw==,https://booking.hydreight.com/widget-business/re86n,6.4245829582214355,2025-06-30T08:55:56.806953
MjM4OA==,2388,Natalie Lykes,Hydreight,ACTIVE,Natalie Lykes,https://booking.hydreight.com/b/MjM4OA==,https://booking.hydreight.com/widget-business/zv15p,6.871269702911377,2025-06-30T08:56:11.040748
MjM5NQ==,2395,I.V. Rescue,Hydreight,ACTIVE,I.V. Rescue,https://booking.hydreight.com/b/MjM5NQ==,https://booking.hydreight.com/widget-business/id32l,6.654568910598755,2025-06-30T08:57:53.172393
MjM5Nw==,2397,Wellness Wave,Hydreight,ACTIVE,Wellness Wave,https://booking.hydreight.com/b/MjM5Nw==,https://booking.hydreight.com/widget-business/cz53b,7.219160079956055,2025-06-30T08:58:19.933552
MjM5OA==,2398,Wolf Wellness,Hydreight,ACTIVE,Wolf Wellness,https://booking.hydreight.com/b/MjM5OA==,https://booking.hydreight.com/widget-business/wz57h,6.595619201660156,2025-06-30T08:58:33.891102
MjM5OQ==,2399,Devin Heredia,Hydreight,ACTIVE,Devin Heredia,https://booking.hydreight.com/b/MjM5OQ==,https://booking.hydreight.com/widget-business/wd66d,7.048688888549805,2025-06-30T08:58:48.228733
MjQwMA==,2400,Courtney Modafferi,Hydreight,ACTIVE,Courtney Modafferi,https://booking.hydreight.com/b/MjQwMA==,https://booking.hydreight.com/widget-business/bw35q,6.580963850021362,2025-06-30T08:59:02.115131
MjQwMQ==,2401,Altum Health & Wellness LLC,Hydreight,ACTIVE,Altum Health & Wellness LLC,https://booking.hydreight.com/b/MjQwMQ==,https://booking.hydreight.com/widget-business/qe56n,6.461000919342041,2025-06-30T08:59:16.445775
MjQwMg==,2402,Eva Kehling,Hydreight,ACTIVE,Eva Kehling,https://booking.hydreight.com/b/MjQwMg==,https://booking.hydreight.com/widget-business/ln97a,7.912372827529907,2025-06-30T08:59:32.028677
MjQwMw==,2403,Arlette Ganso,Hydreight,ACTIVE,Arlette Ganso,https://booking.hydreight.com/b/MjQwMw==,https://booking.hydreight.com/widget-business/hq24p,7.1424949169158936,2025-06-30T08:59:46.634807
MjQwNA==,2404,Alessandra Stewart,Hydreight,ACTIVE,Alessandra Stewart,https://booking.hydreight.com/b/MjQwNA==,https://booking.hydreight.com/widget-business/oa13e,6.3593268394470215,2025-06-30T09:00:01.270040
MjQwNQ==,2405,Spencer Vehar,Hydreight,ACTIVE,Spencer Vehar,https://booking.hydreight.com/b/MjQwNQ==,https://booking.hydreight.com/widget-business/yq63x,6.816257953643799,2025-06-30T09:00:15.573972
MjQwNg==,2406,Vital Waves Hydration & Wellness,Hydreight,ACTIVE,Vital Waves Hydration & Wellness,https://booking.hydreight.com/b/MjQwNg==,https://booking.hydreight.com/widget-business/ql37w,6.809965133666992,2025-06-30T09:00:30.079172
MjQwNw==,2407,Best Life Supplement IV Hydration & Wellness,Hydreight,ACTIVE,Best Life Supplement IV Hydration & Wellness,https://booking.hydreight.com/b/MjQwNw==,https://booking.hydreight.com/widget-business/he56o,6.529056072235107,2025-06-30T09:00:44.785804
MjQwOA==,2408,Kerry Pinkham,Hydreight,ACTIVE,Kerry Pinkham,https://booking.hydreight.com/b/MjQwOA==,https://booking.hydreight.com/widget-business/wd34h,6.938865900039673,2025-06-30T09:01:00.270889
MjQwOQ==,2409,Michelle Heath,Hydreight,ACTIVE,Michelle Heath,https://booking.hydreight.com/b/MjQwOQ==,https://booking.hydreight.com/widget-business/ns55f,7.131171941757202,2025-06-30T09:01:15.095400
MjQxMA==,2410,Juliana Gianan,Hydreight,ACTIVE,Juliana Gianan,https://booking.hydreight.com/b/MjQxMA==,https://booking.hydreight.com/widget-business/uu46d,6.781243085861206,2025-06-30T09:01:27.290638
MjQxMQ==,2411,Meghan Finerty,Hydreight,ACTIVE,Meghan Finerty,https://booking.hydreight.com/b/MjQxMQ==,https://booking.hydreight.com/widget-business/wn43a,6.642355918884277,2025-06-30T09:01:41.642086
MjQxMg==,2412,Imani Pree,Hydreight,ACTIVE,Imani Pree,https://booking.hydreight.com/b/MjQxMg==,https://booking.hydreight.com/widget-business/ob00m,6.797917366027832,2025-06-30T09:01:56.156507
MjQxMw==,2413,Stephanie Garcia,Hydreight,ACTIVE,Stephanie Garcia,https://booking.hydreight.com/b/MjQxMw==,https://booking.hydreight.com/widget-business/qc85o,7.080059051513672,2025-06-30T09:02:10.646699
MjQxNA==,2414,Kari Costa,Hydreight,ACTIVE,Kari Costa,https://booking.hydreight.com/b/MjQxNA==,https://booking.hydreight.com/widget-business/mr05q,6.466415882110596,2025-06-30T09:02:24.631135
MjQxNQ==,2415,Laney Moore,Hydreight,ACTIVE,Laney Moore,https://booking.hydreight.com/b/MjQxNQ==,https://booking.hydreight.com/widget-business/xt23b,7.099407196044922,2025-06-30T09:02:39.034076
MjQxNg==,2416,Joan Quam,Hydreight,ACTIVE,Joan Quam,https://booking.hydreight.com/b/MjQxNg==,https://booking.hydreight.com/widget-business/hp56w,6.40444803237915,2025-06-30T09:02:52.670911
MjQxNw==,2417,IV League by Hattie,Hydreight,ACTIVE,IV League by Hattie,https://booking.hydreight.com/b/MjQxNw==,https://booking.hydreight.com/widget-business/rr38h,6.429376125335693,2025-06-30T09:03:07.573440
MjQxOA==,2418,Gifty Badu,Hydreight,ACTIVE,Gifty Badu,https://booking.hydreight.com/b/MjQxOA==,https://booking.hydreight.com/widget-business/qz71o,6.288120985031128,2025-06-30T09:03:21.376835
MjQxOQ==,2419,Dynamic Balance Acupuncture & Health,Hydreight,ACTIVE,Dynamic Balance Acupuncture & Health,https://booking.hydreight.com/b/MjQxOQ==,https://booking.hydreight.com/widget-business/pb82j,6.650045156478882,2025-06-30T09:03:35.468302
MjQyMA==,2420,Susan Macknin,Hydreight,ACTIVE,Susan Macknin,https://booking.hydreight.com/b/MjQyMA==,https://booking.hydreight.com/widget-business/kn96m,6.87066912651062,2025-06-30T09:03:49.900664
MjQyMQ==,2421,FNP Health,Hydreight,ACTIVE,FNP Health,https://booking.hydreight.com/b/MjQyMQ==,https://booking.hydreight.com/widget-business/sd99l,6.4591240882873535,2025-06-30T09:04:03.632702
MjQyMg==,2422,Asa Niedbalski,Hydreight,ACTIVE,Asa Niedbalski,https://booking.hydreight.com/b/MjQyMg==,https://booking.hydreight.com/widget-business/ok57z,7.221128940582275,2025-06-30T09:04:18.695600
MjQyMw==,2423,Debbie Hutchinson,Hydreight,ACTIVE,Debbie Hutchinson,https://booking.hydreight.com/b/MjQyMw==,https://booking.hydreight.com/widget-business/ab29r,6.805199861526489,2025-06-30T09:04:33.471234
MjQyNA==,2424,Amaya Beauty and Wellness,Hydreight,ACTIVE,Amaya Beauty and Wellness,https://booking.hydreight.com/b/MjQyNA==,https://booking.hydreight.com/widget-business/pr53p,6.818896055221558,2025-06-30T09:04:48.030065
MjQyNQ==,2425,Samantha Marco,Hydreight,ACTIVE,Samantha Marco,https://booking.hydreight.com/b/MjQyNQ==,https://booking.hydreight.com/widget-business/vj49l,6.644469976425171,2025-06-30T09:05:02.284121
MjQyNg==,2426,321 Hydrate,Hydreight,ACTIVE,321 Hydrate,https://booking.hydreight.com/b/MjQyNg==,https://booking.hydreight.com/widget-business/gu56v,6.459488868713379,2025-06-30T09:05:16.304526
MjQyNw==,2427,Carlos Ortiz,Hydreight,ACTIVE,Carlos Ortiz,https://booking.hydreight.com/b/MjQyNw==,https://booking.hydreight.com/widget-business/yn60h,6.809112071990967,2025-06-30T09:05:30.367785
MjQyOA==,2428,Mobile Wellness Drip,Hydreight,ACTIVE,Mobile Wellness Drip,https://booking.hydreight.com/b/MjQyOA==,https://booking.hydreight.com/widget-business/tq71e,6.282732963562012,2025-06-30T09:05:44.582397
MjQyOQ==,2429,603 IV and Weight Management,Hydreight,ACTIVE,603 IV and Weight Management,https://booking.hydreight.com/b/MjQyOQ==,https://booking.hydreight.com/widget-business/fr18k,6.3067052364349365,2025-06-30T09:05:58.553383
MjQzMA==,2430,Thriving Solutions Inc.,Hydreight,ACTIVE,Thriving Solutions Inc.,https://booking.hydreight.com/b/MjQzMA==,https://booking.hydreight.com/widget-business/vt23q,6.6337058544158936,2025-06-30T09:06:12.962370
MjQzMQ==,2431,Omega Hydration & Wellness,Hydreight,ACTIVE,Omega Hydration & Wellness,https://booking.hydreight.com/b/MjQzMQ==,https://booking.hydreight.com/widget-business/hd27q,6.415121078491211,2025-06-30T09:06:27.497633
MjQzMw==,2433,Vital Vibes,Hydreight,ACTIVE,Vital Vibes,https://booking.hydreight.com/b/MjQzMw==,https://booking.hydreight.com/widget-business/bc05c,6.652998924255371,2025-06-30T09:06:56.711393
MjQzNA==,2434,Jacob Krapes,Hydreight,ACTIVE,Jacob Krapes,https://booking.hydreight.com/b/MjQzNA==,https://booking.hydreight.com/widget-business/nb53e,6.452707767486572,2025-06-30T09:07:10.724614
MjQzNQ==,2435,Victoria Heath,Hydreight,ACTIVE,Victoria Heath,https://booking.hydreight.com/b/MjQzNQ==,https://booking.hydreight.com/widget-business/kp10b,6.278544187545776,2025-06-30T09:07:24.945310
MjQzNg==,2436,Elevated Infusions,Hydreight,ACTIVE,Elevated Infusions,https://booking.hydreight.com/b/MjQzNg==,https://booking.hydreight.com/widget-business/kd09e,6.4861159324646,2025-06-30T09:07:38.742655
MjQzNw==,2437,Good Hydration,Hydreight,ACTIVE,Good Hydration,https://booking.hydreight.com/b/MjQzNw==,https://booking.hydreight.com/widget-business/uh74e,7.099603891372681,2025-06-30T09:07:53.183522
MjQzOA==,2438,Star Drip Beauty Bar,Hydreight,ACTIVE,Star Drip Beauty Bar,https://booking.hydreight.com/b/MjQzOA==,https://booking.hydreight.com/widget-business/ao68i,6.522578954696655,2025-06-30T09:08:05.111154
MjQzOQ==,2439,Mountain Zen Drip,Hydreight,ACTIVE,Mountain Zen Drip,https://booking.hydreight.com/b/MjQzOQ==,https://booking.hydreight.com/widget-business/au95q,7.0755510330200195,2025-06-30T09:08:20.126510
MjQ0MA==,2440,Lesley-Jean Hill,Hydreight,ACTIVE,Lesley-Jean Hill,https://booking.hydreight.com/b/MjQ0MA==,https://booking.hydreight.com/widget-business/va29m,6.80582594871521,2025-06-30T09:08:34.345306
MjQ0MQ==,2441,Joy Lambkin,Hydreight,ACTIVE,Joy Lambkin,https://booking.hydreight.com/b/MjQ0MQ==,https://booking.hydreight.com/widget-business/am26t,6.461633920669556,2025-06-30T09:08:48.200653
MjQ0Mg==,2442,IVEE Aesthetics,Hydreight,ACTIVE,IVEE Aesthetics,https://booking.hydreight.com/b/MjQ0Mg==,https://booking.hydreight.com/widget-business/iw15t,6.657375812530518,2025-06-30T09:09:02.529196
MjQ0Mw==,2443,Kelly Smith,Hydreight,ACTIVE,Kelly Smith,https://booking.hydreight.com/b/MjQ0Mw==,https://booking.hydreight.com/widget-business/ov36e,6.473177909851074,2025-06-30T09:09:16.855466
MjQ0NA==,2444,Nurish+,Hydreight,ACTIVE,Nurish+,https://booking.hydreight.com/b/MjQ0NA==,https://booking.hydreight.com/widget-business/cv14u,6.458148717880249,2025-06-30T09:09:30.867334
MjQ0NQ==,2445,LUXIV & BEAUTI CONCIERGE,Hydreight,ACTIVE,LUXIV & BEAUTI CONCIERGE,https://booking.hydreight.com/b/MjQ0NQ==,https://booking.hydreight.com/widget-business/uf07w,7.030840635299683,2025-06-30T09:09:45.799776
MjQ0Ng==,2446,Coastal Drip Bar,Hydreight,ACTIVE,Coastal Drip Bar,https://booking.hydreight.com/b/MjQ0Ng==,https://booking.hydreight.com/widget-business/ux80z,5.2621870040893555,2025-06-30T09:09:58.812250
MjQ0Nw==,2447,Mohammad Akhtar,Hydreight,ACTIVE,Mohammad Akhtar,https://booking.hydreight.com/b/MjQ0Nw==,https://booking.hydreight.com/widget-business/un56l,6.463766813278198,2025-06-30T09:10:13.206471
MjQ0OA==,2448,Hello Hydration and Wellness,Hydreight,ACTIVE,Hello Hydration and Wellness,https://booking.hydreight.com/b/MjQ0OA==,https://booking.hydreight.com/widget-business/va32q,6.816983938217163,2025-06-30T09:10:27.777298
MjQ0OQ==,2449,PRIBEL LLC,Hydreight,ACTIVE,PRIBEL LLC,https://booking.hydreight.com/b/MjQ0OQ==,https://booking.hydreight.com/widget-business/xp83v,6.398797035217285,2025-06-30T09:10:42.061729
MjQ1MA==,2450,Dayane Aguiar,Hydreight,ACTIVE,Dayane Aguiar,https://booking.hydreight.com/b/MjQ1MA==,https://booking.hydreight.com/widget-business/dv88u,6.364764928817749,2025-06-30T09:10:56.558516
MjQ1MQ==,2451,Thrive MedAesthetic,Hydreight,ACTIVE,Thrive MedAesthetic,https://booking.hydreight.com/b/MjQ1MQ==,https://booking.hydreight.com/widget-business/lo78e,6.472468137741089,2025-06-30T09:11:10.539757
MjQ1Mg==,2452,Tunesia Jeter,Hydreight,ACTIVE,Tunesia Jeter,https://booking.hydreight.com/b/MjQ1Mg==,https://booking.hydreight.com/widget-business/lo16l,6.999528884887695,2025-06-30T09:11:24.902904
MjQ1Mw==,2453,Revive Wellness Solutions,Hydreight,ACTIVE,Revive Wellness Solutions,https://booking.hydreight.com/b/MjQ1Mw==,https://booking.hydreight.com/widget-business/dn07r,6.465941667556763,2025-06-30T09:11:39.091652
MjQ1NA==,2454,Vitadrip Beaumont LLC,Hydreight,ACTIVE,Vitadrip Beaumont LLC,https://booking.hydreight.com/b/MjQ1NA==,https://booking.hydreight.com/widget-business/qv55h,6.798970699310303,2025-06-30T09:11:53.251485
MjQ1NQ==,2455,Vym Vyta Hydration Spa,Hydreight,ACTIVE,Vym Vyta Hydration Spa,https://booking.hydreight.com/b/MjQ1NQ==,https://booking.hydreight.com/widget-business/bg34m,6.454107999801636,2025-06-30T09:12:07.992887
MjQ1Ng==,2456,Mashika DuBose,Hydreight,ACTIVE,Mashika DuBose,https://booking.hydreight.com/b/MjQ1Ng==,https://booking.hydreight.com/widget-business/cq39g,7.015182733535767,2025-06-30T09:12:23.339821
MjQ1Nw==,2457,Fli-V,Hydreight,ACTIVE,Fli-V,https://booking.hydreight.com/b/MjQ1Nw==,https://booking.hydreight.com/widget-business/rq84q,6.654256820678711,2025-06-30T09:12:38.055864
MjQ1OA==,2458,Nourish Infusion,Hydreight,ACTIVE,Nourish Infusion,https://booking.hydreight.com/b/MjQ1OA==,https://booking.hydreight.com/widget-business/ur73u,6.816367149353027,2025-06-30T09:12:52.160346
MjQ1OQ==,2459,Polycrossed Health,Hydreight,ACTIVE,Polycrossed Health,https://booking.hydreight.com/b/MjQ1OQ==,https://booking.hydreight.com/widget-business/bq07f,6.493839979171753,2025-06-30T09:13:07.086251
MjQ2MA==,2460,RN Wellness Solutions,Hydreight,ACTIVE,RN Wellness Solutions,https://booking.hydreight.com/b/MjQ2MA==,https://booking.hydreight.com/widget-business/dh71v,5.265440940856934,2025-06-30T09:13:19.554971
MjQ2MQ==,2461,William Bogue,Hydreight,ACTIVE,William Bogue,https://booking.hydreight.com/b/MjQ2MQ==,https://booking.hydreight.com/widget-business/sj80q,7.013532876968384,2025-06-30T09:13:35.040457
MjQ2Mg==,2462,Trisha Grant,Hydreight,ACTIVE,Trisha Grant,https://booking.hydreight.com/b/MjQ2Mg==,https://booking.hydreight.com/widget-business/qn75d,7.46944522857666,2025-06-30T09:13:49.817544
MjQ2Mw==,2463,Robin Young,Hydreight,ACTIVE,Robin Young,https://booking.hydreight.com/b/MjQ2Mw==,https://booking.hydreight.com/widget-business/ei29w,10.211755990982056,2025-06-30T09:14:07.318081
MjQ2NA==,2464,Hydration Lounge,Hydreight,ACTIVE,Hydration Lounge,https://booking.hydreight.com/b/MjQ2NA==,https://booking.hydreight.com/widget-business/qy13n,6.283712863922119,2025-06-30T09:14:22.238078
MjQ2NQ==,2465,Marcel Lewis,Hydreight,ACTIVE,Marcel Lewis,https://booking.hydreight.com/b/MjQ2NQ==,https://booking.hydreight.com/widget-business/uk00c,6.292651891708374,2025-06-30T09:14:36.595243
MjQ2Ng==,2466,VIP woundcare,Hydreight,ACTIVE,VIP woundcare,https://booking.hydreight.com/b/MjQ2Ng==,https://booking.hydreight.com/widget-business/dg27t,6.473346948623657,2025-06-30T09:14:51.208405
MjQ2Nw==,2467,Shauna Finley,Hydreight,ACTIVE,Shauna Finley,https://booking.hydreight.com/b/MjQ2Nw==,https://booking.hydreight.com/widget-business/by21p,7.397733926773071,2025-06-30T09:15:06.674151
MjQ2OA==,2468,IV HYDRATION AND WELLNESS,Hydreight,ACTIVE,IV HYDRATION AND WELLNESS,https://booking.hydreight.com/b/MjQ2OA==,https://booking.hydreight.com/widget-business/vl90m,6.866268873214722,2025-06-30T09:15:21.387083
MjQ2OQ==,2469,VDrip IV Wellness,Hydreight,ACTIVE,VDrip IV Wellness,https://booking.hydreight.com/b/MjQ2OQ==,https://booking.hydreight.com/widget-business/xs54s,6.811566114425659,2025-06-30T09:15:35.451014
MjQ3MA==,2470,The Fountain Place - NV,Hydreight,ACTIVE,The Fountain Place - NV,https://booking.hydreight.com/b/MjQ3MA==,https://booking.hydreight.com/widget-business/ka57c,6.6735217571258545,2025-06-30T09:15:49.493458
MjQ3MQ==,2471,Djhulia Legiste,Hydreight,ACTIVE,Djhulia Legiste,https://booking.hydreight.com/b/MjQ3MQ==,https://booking.hydreight.com/b/MjQ3MQ==,6.814198017120361,2025-06-30T09:16:03.660188
MjQ3Mw==,2473,Infuse N Fortify,Hydreight,ACTIVE,Infuse N Fortify,https://booking.hydreight.com/b/MjQ3Mw==,https://booking.hydreight.com/widget-business/on61s,6.2837018966674805,2025-06-30T09:16:31.232416
MjQ3NA==,2474,Divinity Royale,Hydreight,ACTIVE,Divinity Royale,https://booking.hydreight.com/b/MjQ3NA==,https://booking.hydreight.com/widget-business/da51l,6.669699192047119,2025-06-30T09:16:45.246371
MjQ3NQ==,2475,CornerKetch Wellness,Hydreight,ACTIVE,CornerKetch Wellness,https://booking.hydreight.com/b/MjQ3NQ==,https://booking.hydreight.com/widget-business/ij71r,6.292494058609009,2025-06-30T09:16:58.879283
MjQ3Ng==,2476,Drip'd Infusions,Hydreight,ACTIVE,Drip'd Infusions,https://booking.hydreight.com/b/MjQ3Ng==,https://booking.hydreight.com/widget-business/ur28n,6.496837854385376,2025-06-30T09:17:13.233465
MjQ3Nw==,2477,VitaFuel,Hydreight,ACTIVE,VitaFuel,https://booking.hydreight.com/b/MjQ3Nw==,https://booking.hydreight.com/widget-business/in48z,6.445350170135498,2025-06-30T09:17:27.210394
MjQ3OA==,2478,Carlomagno G Almonte,Hydreight,ACTIVE,Carlomagno G Almonte,https://booking.hydreight.com/b/MjQ3OA==,https://booking.hydreight.com/widget-business/gd14q,6.745120048522949,2025-06-30T09:17:41.351100
MjQ3OQ==,2479,Vitalize NYC Mobile IV Therapy,Hydreight,ACTIVE,Vitalize NYC Mobile IV Therapy,https://booking.hydreight.com/b/MjQ3OQ==,https://booking.hydreight.com/widget-business/hz92g,6.8640570640563965,2025-06-30T09:17:55.526803
MjQ4MA==,2480,Pure Wellness IV,Hydreight,ACTIVE,Pure Wellness IV,https://booking.hydreight.com/b/MjQ4MA==,https://booking.hydreight.com/widget-business/zi85k,7.018969774246216,2025-06-30T09:18:10.152369
MjQ4MQ==,2481,Nicole Carl,Hydreight,ACTIVE,Nicole Carl,https://booking.hydreight.com/b/MjQ4MQ==,https://booking.hydreight.com/widget-business/qa00n,5.265035152435303,2025-06-30T09:18:22.896123
MjQ4Mg==,2482,Alpine Tide Drip Co.,Hydreight,ACTIVE,Alpine Tide Drip Co.,https://booking.hydreight.com/b/MjQ4Mg==,https://booking.hydreight.com/widget-business/be09i,6.433072090148926,2025-06-30T09:18:36.859076
MjQ4Mw==,2483,Jax Infusion Co,Hydreight,ACTIVE,Jax Infusion Co,https://booking.hydreight.com/b/MjQ4Mw==,https://booking.hydreight.com/widget-business/ur32q,6.463067054748535,2025-06-30T09:18:51.446252
MjQ4NA==,2484,Pure Vital Drip,Hydreight,ACTIVE,Pure Vital Drip,https://booking.hydreight.com/b/MjQ4NA==,https://booking.hydreight.com/widget-business/tq71y,6.877730131149292,2025-06-30T09:19:06.031169
MjQ4NQ==,2485,Coastal Hydration Co.,Hydreight,ACTIVE,Coastal Hydration Co.,https://booking.hydreight.com/b/MjQ4NQ==,https://booking.hydreight.com/widget-business/ra25s,6.859169006347656,2025-06-30T09:19:20.584013
MjQ4Ng==,2486,EnlIVe Nashville: Mobile Hydration,Hydreight,ACTIVE,EnlIVe Nashville: Mobile Hydration,https://booking.hydreight.com/b/MjQ4Ng==,https://booking.hydreight.com/widget-business/vr83m,6.610374212265015,2025-06-30T09:19:34.551296
MjQ4Nw==,2487,SoleLuna Drip Co.,Hydreight,ACTIVE,SoleLuna Drip Co.,https://booking.hydreight.com/b/MjQ4Nw==,https://booking.hydreight.com/widget-business/dj79y,6.484737157821655,2025-06-30T09:19:48.663934
MjQ4OA==,2488,Louisa Anderson,Hydreight,ACTIVE,Louisa Anderson,https://booking.hydreight.com/b/MjQ4OA==,https://booking.hydreight.com/widget-business/vj72i,6.652957916259766,2025-06-30T09:20:03.466110
MjQ5MA==,2490,"Harmony Health & Wellness Center, Inc",Hydreight,ACTIVE,"Harmony Health & Wellness Center, Inc",https://booking.hydreight.com/b/MjQ5MA==,https://booking.hydreight.com/widget-business/ed28w,6.47121524810791,2025-06-30T09:20:32.716569
MjQ5MQ==,2491,Zach Gordon,Hydreight,ACTIVE,Zach Gordon,https://booking.hydreight.com/b/MjQ5MQ==,https://booking.hydreight.com/widget-business/jt03c,6.4540581703186035,2025-06-30T09:20:46.879763
MjQ5Mg==,2492,SkinRN arsthetic & wellness,Hydreight,ACTIVE,SkinRN arsthetic & wellness,https://booking.hydreight.com/b/MjQ5Mg==,https://booking.hydreight.com/widget-business/tr70e,6.449609041213989,2025-06-30T09:21:00.796658
MjQ5Mw==,2493,RevIVe-Me-JakRN,Hydreight,ACTIVE,RevIVe-Me-JakRN,https://booking.hydreight.com/b/MjQ5Mw==,https://booking.hydreight.com/widget-business/yx49b,6.402794122695923,2025-06-30T09:21:14.959520
MjQ5NA==,2494,Kailotaur,Hydreight,ACTIVE,Kailotaur,https://booking.hydreight.com/b/MjQ5NA==,https://booking.hydreight.com/widget-business/fs39z,6.6399922370910645,2025-06-30T09:21:29.920191
MjQ5NQ==,2495,Bobby Maddox,Hydreight,ACTIVE,Bobby Maddox,https://booking.hydreight.com/b/MjQ5NQ==,https://booking.hydreight.com/widget-business/ak19c,6.445825815200806,2025-06-30T09:21:44.146413
MjQ5Ng==,2496,Kimberly Casanova,Hydreight,ACTIVE,Kimberly Casanova,https://booking.hydreight.com/b/MjQ5Ng==,https://booking.hydreight.com/widget-business/no67n,6.468008279800415,2025-06-30T09:21:57.864954
MjQ5Nw==,2497,Glo Skin Aesthetics,Hydreight,ACTIVE,Glo Skin Aesthetics,https://booking.hydreight.com/b/MjQ5Nw==,https://booking.hydreight.com/widget-business/fz66g,6.6147308349609375,2025-06-30T09:22:12.294194
MjQ5OA==,2498,ICT DRIP Health & Wellness,Hydreight,ACTIVE,ICT DRIP Health & Wellness,https://booking.hydreight.com/b/MjQ5OA==,https://booking.hydreight.com/widget-business/dg82i,6.813477039337158,2025-06-30T09:22:26.710955
MjQ5OQ==,2499,Pure Infusions by Sarah,Hydreight,ACTIVE,Pure Infusions by Sarah,https://booking.hydreight.com/b/MjQ5OQ==,https://booking.hydreight.com/widget-business/qw45p,7.019148826599121,2025-06-30T09:22:41.217705
MjUwMA==,2500,Embrace Aesthetics & Wellness,Hydreight,ACTIVE,Embrace Aesthetics & Wellness,https://booking.hydreight.com/b/MjUwMA==,https://booking.hydreight.com/widget-business/uf79q,7.015507221221924,2025-06-30T09:22:55.752293
MjUwMQ==,2501,ZenBody,Hydreight,ACTIVE,ZenBody,https://booking.hydreight.com/b/MjUwMQ==,https://booking.hydreight.com/widget-business/yl12l,6.983704090118408,2025-06-30T09:23:10.678260
MjUwMg==,2502,DripRX,Hydreight,ACTIVE,DripRX,https://booking.hydreight.com/b/MjUwMg==,https://booking.hydreight.com/widget-business/qu83k,7.436121940612793,2025-06-30T09:23:25.684589
MjUwMw==,2503,BrittanyHeart Hanish,Hydreight,ACTIVE,BrittanyHeart Hanish,https://booking.hydreight.com/b/MjUwMw==,https://booking.hydreight.com/widget-business/zp90i,6.259042978286743,2025-06-30T09:23:39.710210
MjUwNQ==,2505,Michelle De Guzman,Hydreight,ACTIVE,Michelle De Guzman,https://booking.hydreight.com/b/MjUwNQ==,https://booking.hydreight.com/widget-business/ox49q,6.437882900238037,2025-06-30T09:24:07.905898
MjUwNg==,2506,Leslie Flittner,Hydreight,ACTIVE,Leslie Flittner,https://booking.hydreight.com/b/MjUwNg==,https://booking.hydreight.com/widget-business/nv55o,6.468482971191406,2025-06-30T09:24:22.322721
MjUwNw==,2507,Drip Culture LLC,Hydreight,ACTIVE,Drip Culture LLC,https://booking.hydreight.com/b/MjUwNw==,https://booking.hydreight.com/widget-business/ue09y,6.629831790924072,2025-06-30T09:24:36.313748
MjUwOA==,2508,Amy Johnson,Hydreight,ACTIVE,Amy Johnson,https://booking.hydreight.com/b/MjUwOA==,https://booking.hydreight.com/widget-business/nc99s,6.668129205703735,2025-06-30T09:24:51.101036
MjUwOQ==,2509,revIVe IV & Wellness Studio,Hydreight,ACTIVE,revIVe IV & Wellness Studio,https://booking.hydreight.com/b/MjUwOQ==,https://booking.hydreight.com/widget-business/br74n,6.80628514289856,2025-06-30T09:25:05.625109
MjUxMA==,2510,JANA Reynolds,Hydreight,ACTIVE,JANA Reynolds,https://booking.hydreight.com/b/MjUxMA==,https://booking.hydreight.com/widget-business/mu47w,6.662285089492798,2025-06-30T09:25:20.389931
MjUxMQ==,2511,REIGN IV,Hydreight,ACTIVE,REIGN IV,https://booking.hydreight.com/b/MjUxMQ==,https://booking.hydreight.com/widget-business/nz22z,5.282970905303955,2025-06-30T09:25:33.172186
MjUxMg==,2512,Drip Rx IV and Wellness LLC,Hydreight,ACTIVE,Drip Rx IV and Wellness LLC,https://booking.hydreight.com/b/MjUxMg==,https://booking.hydreight.com/widget-business/az63b,6.869318962097168,2025-06-30T09:25:47.773616
MjUxMw==,2513,Jordin Beger,Hydreight,ACTIVE,Jordin Beger,https://booking.hydreight.com/b/MjUxMw==,https://booking.hydreight.com/widget-business/qy38t,6.459839105606079,2025-06-30T09:26:01.584504
MjUxNA==,2514,LaKeisa Belton,Hydreight,ACTIVE,LaKeisa Belton,https://booking.hydreight.com/b/MjUxNA==,https://booking.hydreight.com/widget-business/em67h,6.627629041671753,2025-06-30T09:26:15.972441
MjUxNQ==,2515,Amy Cerny,Hydreight,ACTIVE,Amy Cerny,https://booking.hydreight.com/b/MjUxNQ==,https://booking.hydreight.com/widget-business/eg08x,6.4741737842559814,2025-06-30T09:26:29.809045
MjUxNg==,2516,Kirsi Rhoades,Hydreight,ACTIVE,Kirsi Rhoades,https://booking.hydreight.com/b/MjUxNg==,https://booking.hydreight.com/widget-business/xr78f,6.604654788970947,2025-06-30T09:26:44.397501
MjUyMA==,2520,Danielle Decker,Hydreight,ACTIVE,Danielle Decker,https://booking.hydreight.com/b/MjUyMA==,https://booking.hydreight.com/widget-business/lv24q,6.461481094360352,2025-06-30T09:27:40.833538
MjUyMQ==,2521,Staying Young IV Hydration Concierge LLC,Hydreight,ACTIVE,Staying Young IV Hydration Concierge LLC,https://booking.hydreight.com/b/MjUyMQ==,https://booking.hydreight.com/widget-business/ux95r,6.986341238021851,2025-06-30T09:27:55.191217
MjUyMg==,2522,Candice Maher,Hydreight,ACTIVE,Candice Maher,https://booking.hydreight.com/b/MjUyMg==,https://booking.hydreight.com/widget-business/pe91n,6.477707862854004,2025-06-30T09:28:09.034821
MjUyMw==,2523,The Recovery Suite IV Hydration and Wellness,Hydreight,ACTIVE,The Recovery Suite IV Hydration and Wellness,https://booking.hydreight.com/b/MjUyMw==,https://booking.hydreight.com/widget-business/lg16i,6.886088132858276,2025-06-30T09:28:23.572379
MjUyNg==,2526,Elsie Weiler,Hydreight,ACTIVE,Elsie Weiler,https://booking.hydreight.com/b/MjUyNg==,https://booking.hydreight.com/b/MjUyNg==,6.455869913101196,2025-06-30T09:29:06.290576
MjUyNw==,2527,Amber Saucedo,Hydreight,ACTIVE,Amber Saucedo,https://booking.hydreight.com/b/MjUyNw==,https://booking.hydreight.com/widget-business/tm18p,6.904739141464233,2025-06-30T09:29:20.535005
MjUyOA==,2528,Rejuvenate with The Liquid Dripprenuer,Hydreight,ACTIVE,Rejuvenate with The Liquid Dripprenuer,https://booking.hydreight.com/b/MjUyOA==,https://booking.hydreight.com/widget-business/pk25n,7.202930212020874,2025-06-30T09:29:35.125315
MjUyOQ==,2529,Barracks Drip Lab,Hydreight,ACTIVE,Barracks Drip Lab,https://booking.hydreight.com/b/MjUyOQ==,https://booking.hydreight.com/widget-business/xx23z,6.479743957519531,2025-06-30T09:29:49.297182
MjUzMQ==,2531,Hiromi Doederlein,Hydreight,ACTIVE,Hiromi Doederlein,https://booking.hydreight.com/b/MjUzMQ==,https://booking.hydreight.com/widget-business/cg90f,6.483731746673584,2025-06-30T09:30:17.309486
MjUzMg==,2532,Infusion Solutions LLC,Hydreight,ACTIVE,Infusion Solutions LLC,https://booking.hydreight.com/b/MjUzMg==,https://booking.hydreight.com/widget-business/fg99x,7.2108869552612305,2025-06-30T09:30:31.970981
MjUzMw==,2533,Well Beyond Beauty,Hydreight,ACTIVE,Well Beyond Beauty,https://booking.hydreight.com/b/MjUzMw==,https://booking.hydreight.com/widget-business/vo96m,6.9998939037323,2025-06-30T09:30:46.730133
MjUzNA==,2534,Michelle Sampieri,Hydreight,ACTIVE,Michelle Sampieri,https://booking.hydreight.com/b/MjUzNA==,https://booking.hydreight.com/widget-business/wx62k,6.517535924911499,2025-06-30T09:31:01.393493
MjUzNQ==,2535,Monica Arjune,Hydreight,ACTIVE,Monica Arjune,https://booking.hydreight.com/b/MjUzNQ==,https://booking.hydreight.com/widget-business/tw76r,6.647621154785156,2025-06-30T09:31:15.621319
MjUzNg==,2536,Total Bliss Health and Wellness,Hydreight,ACTIVE,Total Bliss Health and Wellness,https://booking.hydreight.com/b/MjUzNg==,https://booking.hydreight.com/widget-business/eu02k,6.46567177772522,2025-06-30T09:31:29.437667
MjUzNw==,2537,Sofiko Pichkhadze,Hydreight,ACTIVE,Sofiko Pichkhadze,https://booking.hydreight.com/b/MjUzNw==,https://booking.hydreight.com/widget-business/hi27k,6.87557315826416,2025-06-30T09:31:43.831839
MjUzOA==,2538,Liquid Lifeline,Hydreight,ACTIVE,Liquid Lifeline,https://booking.hydreight.com/b/MjUzOA==,https://booking.hydreight.com/widget-business/ef45d,6.482594013214111,2025-06-30T09:31:58.538123
MjUzOQ==,2539,Heiress Hydration,Hydreight,ACTIVE,Heiress Hydration,https://booking.hydreight.com/b/MjUzOQ==,https://booking.hydreight.com/widget-business/on65f,6.4629740715026855,2025-06-30T09:32:12.535033
MjU0MA==,2540,Care For Lives,Hydreight,ACTIVE,Care For Lives,https://booking.hydreight.com/b/MjU0MA==,https://booking.hydreight.com/widget-business/pa14x,6.799978971481323,2025-06-30T09:32:26.746818
MjU0MQ==,2541,Melissa Hatmaker,Hydreight,ACTIVE,Melissa Hatmaker,https://booking.hydreight.com/b/MjU0MQ==,https://booking.hydreight.com/widget-business/zt39p,6.633620977401733,2025-06-30T09:32:40.871568
MjU0Mg==,2542,KAS IV Hydration and Infusions,Hydreight,ACTIVE,KAS IV Hydration and Infusions,https://booking.hydreight.com/b/MjU0Mg==,https://booking.hydreight.com/widget-business/uw27j,6.47746205329895,2025-06-30T09:32:54.960204
MjU0Mw==,2543,Hydr8 & Co.,Hydreight,ACTIVE,Hydr8 & Co.,https://booking.hydreight.com/b/MjU0Mw==,https://booking.hydreight.com/widget-business/qj11f,6.450642108917236,2025-06-30T09:33:08.785775
MjU0NA==,2544,HydraGo,Hydreight,ACTIVE,HydraGo,https://booking.hydreight.com/b/MjU0NA==,https://booking.hydreight.com/widget-business/sf39g,6.8198630809783936,2025-06-30T09:33:23.770874
MjU0NQ==,2545,Amore Beauty Bar,Hydreight,ACTIVE,Amore Beauty Bar,https://booking.hydreight.com/b/MjU0NQ==,https://booking.hydreight.com/widget-business/iv89j,6.813837051391602,2025-06-30T09:33:38.414935
MjU0Ng==,2546,Vernell Nunn,Hydreight,ACTIVE,Vernell Nunn,https://booking.hydreight.com/b/MjU0Ng==,https://booking.hydreight.com/widget-business/lz77b,6.500171899795532,2025-06-30T09:33:52.390882
MjU0Nw==,2547,Lively IV,Hydreight,ACTIVE,Lively IV,https://booking.hydreight.com/b/MjU0Nw==,https://booking.hydreight.com/widget-business/rx15s,6.465852975845337,2025-06-30T09:34:06.251108
MjU0OA==,2548,A Drop Above Wellness Co.,Hydreight,ACTIVE,A Drop Above Wellness Co.,https://booking.hydreight.com/b/MjU0OA==,https://booking.hydreight.com/widget-business/ag63g,7.0410449504852295,2025-06-30T09:34:20.929490
MjU0OQ==,2549,Glow & Go Mobile Medspa,Hydreight,ACTIVE,Glow & Go Mobile Medspa,https://booking.hydreight.com/b/MjU0OQ==,https://booking.hydreight.com/widget-business/tf48n,7.016932964324951,2025-06-30T09:34:36.077405
MjU1MA==,2550,Kara Johnson,Hydreight,ACTIVE,Kara Johnson,https://booking.hydreight.com/b/MjU1MA==,https://booking.hydreight.com/widget-business/rv82q,7.014204263687134,2025-06-30T09:34:50.486940
MjU1MQ==,2551,B&B Wellness and Aesthetics,Hydreight,ACTIVE,B&B Wellness and Aesthetics,https://booking.hydreight.com/b/MjU1MQ==,https://booking.hydreight.com/widget-business/yq44d,6.6620399951934814,2025-06-30T09:35:04.517839
MjU1Mg==,2552,MedFlo Wellness,Hydreight,ACTIVE,MedFlo Wellness,https://booking.hydreight.com/b/MjU1Mg==,https://booking.hydreight.com/widget-business/gh04g,6.653684854507446,2025-06-30T09:35:18.942545
MjU1Mw==,2553,Modern Niche,Hydreight,ACTIVE,Modern Niche,https://booking.hydreight.com/b/MjU1Mw==,https://booking.hydreight.com/widget-business/uy37t,6.665024042129517,2025-06-30T09:35:33.300219
MjU1NA==,2554,Mobile Hydration and Wellness Solutions,Hydreight,ACTIVE,Mobile Hydration and Wellness Solutions,https://booking.hydreight.com/b/MjU1NA==,https://booking.hydreight.com/widget-business/op30h,7.043589115142822,2025-06-30T09:35:48.493955
MjU1NQ==,2555,Radiate & Replenish,Hydreight,ACTIVE,Radiate & Replenish,https://booking.hydreight.com/b/MjU1NQ==,https://booking.hydreight.com/widget-business/xy80x,6.464479923248291,2025-06-30T09:36:02.775851
MjU1Ng==,2556,Christina Anderson,Hydreight,ACTIVE,Christina Anderson,https://booking.hydreight.com/b/MjU1Ng==,https://booking.hydreight.com/widget-business/co32k,7.039206027984619,2025-06-30T09:36:17.787124
MjU1Nw==,2557,Kym Chandler,Hydreight,ACTIVE,Kym Chandler,https://booking.hydreight.com/b/MjU1Nw==,https://booking.hydreight.com/widget-business/ah03m,6.611615896224976,2025-06-30T09:36:32.150802
MjU1OA==,2558,Ashley Fawley,Hydreight,ACTIVE,Ashley Fawley,https://booking.hydreight.com/b/MjU1OA==,https://booking.hydreight.com/widget-business/ie74i,6.45658802986145,2025-06-30T09:36:45.931627
MjU1OQ==,2559,Rooted Compass Mobile Health & Wellness Services,Hydreight,ACTIVE,Rooted Compass Mobile Health & Wellness Services,https://booking.hydreight.com/b/MjU1OQ==,https://booking.hydreight.com/widget-business/je69a,6.283391952514648,2025-06-30T09:36:59.525189
MjU2MA==,2560,MNH Drip&Restore,Hydreight,ACTIVE,MNH Drip&Restore,https://booking.hydreight.com/b/MjU2MA==,https://booking.hydreight.com/widget-business/vo17o,6.19983983039856,2025-06-30T09:37:12.731026
MjU2MQ==,2561,Belle Moi Rejuvenation,Hydreight,ACTIVE,Belle Moi Rejuvenation,https://booking.hydreight.com/b/MjU2MQ==,https://booking.hydreight.com/widget-business/pv58h,6.313643932342529,2025-06-30T09:37:26.216279
MjU2Mg==,2562,Kathryn Dresser,Hydreight,ACTIVE,Kathryn Dresser,https://booking.hydreight.com/b/MjU2Mg==,https://booking.hydreight.com/widget-business/aw70j,6.5919029712677,2025-06-30T09:37:40.197529
MjU2NQ==,2565,Loretta Drummond,Hydreight,ACTIVE,Loretta Drummond,https://booking.hydreight.com/b/MjU2NQ==,https://booking.hydreight.com/widget-business/wk00v,6.3417298793792725,2025-06-30T09:38:22.189290
MjU2Ng==,2566,Cosby Jolley,Hydreight,ACTIVE,Cosby Jolley,https://booking.hydreight.com/b/MjU2Ng==,https://booking.hydreight.com/widget-business/jx65u,6.303239107131958,2025-06-30T09:38:35.861935
MjU2Nw==,2567,Vital Hydration RVA,Hydreight,ACTIVE,Vital Hydration RVA,https://booking.hydreight.com/b/MjU2Nw==,https://booking.hydreight.com/widget-business/th48p,6.4679200649261475,2025-06-30T09:38:50.092297
MjU2OA==,2568,Drip Happens Mobile,Hydreight,ACTIVE,Drip Happens Mobile,https://booking.hydreight.com/b/MjU2OA==,https://booking.hydreight.com/widget-business/lx30q,6.4329729080200195,2025-06-30T09:39:03.927237
MjU2OQ==,2569,The Fancie Nurse LLC,Hydreight,ACTIVE,The Fancie Nurse LLC,https://booking.hydreight.com/b/MjU2OQ==,https://booking.hydreight.com/widget-business/ie15e,6.661471843719482,2025-06-30T09:39:17.941264
MjU3MA==,2570,DRYP Hydration LLC,Hydreight,ACTIVE,DRYP Hydration LLC,https://booking.hydreight.com/b/MjU3MA==,https://booking.hydreight.com/widget-business/mc22z,7.086980104446411,2025-06-30T09:39:32.580975
MjU3MQ==,2571,Anodyne Health & Wellness,Hydreight,ACTIVE,Anodyne Health & Wellness,https://booking.hydreight.com/b/MjU3MQ==,https://booking.hydreight.com/widget-business/tq65r,6.730360984802246,2025-06-30T09:39:46.737477
MjU3Mg==,2572,Admin Test Business,Hydreight,ACTIVE,Admin Test Business,https://booking.hydreight.com/b/MjU3Mg==,https://booking.hydreight.com/widget-business/0zuf6,6.652076005935669,2025-06-30T09:40:00.724175
MjU3NA==,2574,"CenterPeace, PLLC",Hydreight,ACTIVE,"CenterPeace, PLLC",https://booking.hydreight.com/b/MjU3NA==,https://booking.hydreight.com/widget-business/ch62r,6.608874082565308,2025-06-30T09:40:30.132867
MjU3NQ==,2575,Saba Aljumhoor,Hydreight,ACTIVE,Saba Aljumhoor,https://booking.hydreight.com/b/MjU3NQ==,https://booking.hydreight.com/widget-business/pj72e,8.045907974243164,2025-06-30T09:40:46.527642
MjU3Ng==,2576,"InfuseMe, PLLC",Hydreight,ACTIVE,"InfuseMe, PLLC",https://booking.hydreight.com/b/MjU3Ng==,https://booking.hydreight.com/widget-business/ir29o,6.5026938915252686,2025-06-30T09:41:01.192879
MjU3Nw==,2577,In Bloom Restorative Wellness,Hydreight,ACTIVE,In Bloom Restorative Wellness,https://booking.hydreight.com/b/MjU3Nw==,https://booking.hydreight.com/widget-business/wo17y,6.454257249832153,2025-06-30T09:41:15.512949
MjU3OA==,2578,Mobile Drips LLC,Hydreight,ACTIVE,Mobile Drips LLC,https://booking.hydreight.com/b/MjU3OA==,https://booking.hydreight.com/widget-business/be76v,7.223780870437622,2025-06-30T09:41:30.449284
MjU3OQ==,2579,Drip Factor Mobile IV Therapy,Hydreight,ACTIVE,Drip Factor Mobile IV Therapy,https://booking.hydreight.com/b/MjU3OQ==,https://booking.hydreight.com/widget-business/re02v,6.827877044677734,2025-06-30T09:41:45.060498
MjU4MA==,2580,HydrEliegth IV Drip and Injections,Hydreight,ACTIVE,HydrEliegth IV Drip and Injections,https://booking.hydreight.com/b/MjU4MA==,https://booking.hydreight.com/widget-business/ed84x,7.267910003662109,2025-06-30T09:41:59.718489
MjU4MQ==,2581,W.I.L Water Is Life,Hydreight,ACTIVE,W.I.L Water Is Life,https://booking.hydreight.com/b/MjU4MQ==,https://booking.hydreight.com/widget-business/by08r,6.772772789001465,2025-06-30T09:42:13.942175
MjU4Mg==,2582,South Concho IV,Hydreight,ACTIVE,South Concho IV,https://booking.hydreight.com/b/MjU4Mg==,https://booking.hydreight.com/widget-business/xv25l,6.478677034378052,2025-06-30T09:42:27.776341
MjU4Mw==,2583,The Refill Station LLC,Hydreight,ACTIVE,The Refill Station LLC,https://booking.hydreight.com/b/MjU4Mw==,https://booking.hydreight.com/widget-business/ms35j,7.133350849151611,2025-06-30T09:42:42.387805
MjU4NA==,2584,Wellnessology LLC,Hydreight,ACTIVE,Wellnessology LLC,https://booking.hydreight.com/b/MjU4NA==,https://booking.hydreight.com/widget-business/dm86x,6.995536804199219,2025-06-30T09:42:57.168828
MjU4NQ==,2585,IVH Wellness LLC,Hydreight,ACTIVE,IVH Wellness LLC,https://booking.hydreight.com/b/MjU4NQ==,https://booking.hydreight.com/widget-business/nn38f,6.673267364501953,2025-06-30T09:43:11.357458
MjU4Ng==,2586,Nomad Wellness,Hydreight,ACTIVE,Nomad Wellness,https://booking.hydreight.com/b/MjU4Ng==,https://booking.hydreight.com/widget-business/ol56a,6.488478899002075,2025-06-30T09:43:25.139543
MjU4Nw==,2587,Ideal Infusions,Hydreight,ACTIVE,Ideal Infusions,https://booking.hydreight.com/b/MjU4Nw==,https://booking.hydreight.com/widget-business/bo73a,7.263030767440796,2025-06-30T09:43:39.744349
MjU5MA==,2590,Infinity Beauty Shoppe,Hydreight,ACTIVE,Infinity Beauty Shoppe,https://booking.hydreight.com/b/MjU5MA==,https://booking.hydreight.com/widget-business/hi96n,7.028904914855957,2025-06-30T09:44:23.204174
MjU5MQ==,2591,Pamper Me Dear LLC,Hydreight,ACTIVE,Pamper Me Dear LLC,https://booking.hydreight.com/b/MjU5MQ==,https://booking.hydreight.com/widget-business/fn00q,6.328949689865112,2025-06-30T09:44:34.929323
MjU5Mg==,2592,Summit Wellness,Hydreight,ACTIVE,Summit Wellness,https://booking.hydreight.com/b/MjU5Mg==,https://booking.hydreight.com/widget-business/la09x,6.460952997207642,2025-06-30T09:44:49.558703
MjU5Mw==,2593,Holistic Hydration,Hydreight,ACTIVE,Holistic Hydration,https://booking.hydreight.com/b/MjU5Mw==,https://booking.hydreight.com/widget-business/fz28p,6.487573862075806,2025-06-30T09:45:03.984183
MjU5NA==,2594,The Drip Garden,Hydreight,ACTIVE,The Drip Garden,https://booking.hydreight.com/b/MjU5NA==,https://booking.hydreight.com/widget-business/zz29w,6.478733062744141,2025-06-30T09:45:17.864864
MjU5NQ==,2595,Aaron Avery,Hydreight,ACTIVE,Aaron Avery,https://booking.hydreight.com/b/MjU5NQ==,https://booking.hydreight.com/widget-business/re95q,6.869600772857666,2025-06-30T09:45:32.302606
MjU5Ng==,2596,Salt and Water oasis,Hydreight,ACTIVE,Salt and Water oasis,https://booking.hydreight.com/b/MjU5Ng==,https://booking.hydreight.com/widget-business/cy75e,6.454162120819092,2025-06-30T09:45:48.534463
MjU5Nw==,2597,Julie Bartolo,Hydreight,ACTIVE,Julie Bartolo,https://booking.hydreight.com/b/MjU5Nw==,https://booking.hydreight.com/widget-business/of78v,6.481210947036743,2025-06-30T09:46:04.591242
MjU5OQ==,2599,Stephanie Pasamonte,Hydreight,ACTIVE,Stephanie Pasamonte,https://booking.hydreight.com/b/MjU5OQ==,https://booking.hydreight.com/b/MjU5OQ==,7.078354120254517,2025-06-30T09:46:35.147874
MjYwMA==,2600,James Byrne,Hydreight,ACTIVE,James Byrne,https://booking.hydreight.com/b/MjYwMA==,https://booking.hydreight.com/widget-business/fj41f,7.241183280944824,2025-06-30T09:46:50.638283
MjYwMQ==,2601,Real Dill Wellness,Hydreight,ACTIVE,Real Dill Wellness,https://booking.hydreight.com/b/MjYwMQ==,https://booking.hydreight.com/widget-business/sb85c,6.872913360595703,2025-06-30T09:47:05.734605
MjYwMg==,2602,Debora Debora,Hydreight,ACTIVE,Debora Debora,https://booking.hydreight.com/b/MjYwMg==,https://booking.hydreight.com/widget-business/ss12o,6.6885950565338135,2025-06-30T09:47:19.819700
MjYwNA==,2604,Faith Borunda,Hydreight,ACTIVE,Faith Borunda,https://booking.hydreight.com/b/MjYwNA==,https://booking.hydreight.com/widget-business/ds29n,6.874619007110596,2025-06-30T09:47:49.028349
MjYwNQ==,2605,"Morning Glory Wellness Services, LLC",Hydreight,ACTIVE,"Morning Glory Wellness Services, LLC",https://booking.hydreight.com/b/MjYwNQ==,https://booking.hydreight.com/widget-business/ay65x,6.870784044265747,2025-06-30T09:48:03.651806
MjYwNg==,2606,Lumi & Luxe,Hydreight,ACTIVE,Lumi & Luxe,https://booking.hydreight.com/b/MjYwNg==,https://booking.hydreight.com/widget-business/rj39c,6.456884860992432,2025-06-30T09:48:18.441112
MjYwNw==,2607,CC's Mobile IV Therapy And Aesthetics,Hydreight,ACTIVE,CC's Mobile IV Therapy And Aesthetics,https://booking.hydreight.com/b/MjYwNw==,https://booking.hydreight.com/widget-business/ej50x,7.040869951248169,2025-06-30T09:48:33.504792
MjYwOA==,2608,Healthy Living Wellness Center,Hydreight,ACTIVE,Healthy Living Wellness Center,https://booking.hydreight.com/b/MjYwOA==,https://booking.hydreight.com/widget-business/ph14l,6.491497039794922,2025-06-30T09:48:47.811785
MjYwOQ==,2609,Diamond Drips Beauty Bar,Hydreight,ACTIVE,Diamond Drips Beauty Bar,https://booking.hydreight.com/b/MjYwOQ==,https://booking.hydreight.com/widget-business/ad09p,6.68818998336792,2025-06-30T09:49:02.605638
MjYxMA==,2610,Tanasi LLC,Hydreight,ACTIVE,Tanasi LLC,https://booking.hydreight.com/b/MjYxMA==,https://booking.hydreight.com/widget-business/wn93w,6.809637784957886,2025-06-30T09:49:16.993178
MjYxMQ==,2611,Sabrina Davis,Hydreight,ACTIVE,Sabrina Davis,https://booking.hydreight.com/b/MjYxMQ==,https://booking.hydreight.com/widget-business/jz25h,6.471199035644531,2025-06-30T09:49:30.798246
MjYxMg==,2612,Luxe Hydration and Wellness by Gina,Hydreight,ACTIVE,Luxe Hydration and Wellness by Gina,https://booking.hydreight.com/b/MjYxMg==,https://booking.hydreight.com/widget-business/ri00y,6.82672381401062,2025-06-30T09:49:45.774768
MjYxMw==,2613,"Renew Your Life Health and Wellness, LLC",Hydreight,ACTIVE,"Renew Your Life Health and Wellness, LLC",https://booking.hydreight.com/b/MjYxMw==,https://booking.hydreight.com/widget-business/ir39k,6.4899001121521,2025-06-30T09:50:00.250094
MjYxNA==,2614,Samantha Hoszowski,Hydreight,ACTIVE,Samantha Hoszowski,https://booking.hydreight.com/b/MjYxNA==,https://booking.hydreight.com/widget-business/ok89a,7.088421106338501,2025-06-30T09:50:15.262520
MjYxNQ==,2615,Paging Nurse Nic,Hydreight,ACTIVE,Paging Nurse Nic,https://booking.hydreight.com/b/MjYxNQ==,https://booking.hydreight.com/widget-business/ed14o,6.704039096832275,2025-06-30T09:50:30.003671
MjYxNg==,2616,Hydro Hippo Hydration,Hydreight,ACTIVE,Hydro Hippo Hydration,https://booking.hydreight.com/b/MjYxNg==,https://booking.hydreight.com/widget-business/mj72e,6.4687371253967285,2025-06-30T09:50:44.097055
MjYxNw==,2617,Natalie Liesmaki,Hydreight,ACTIVE,Natalie Liesmaki,https://booking.hydreight.com/b/MjYxNw==,https://booking.hydreight.com/widget-business/ej33e,6.646669149398804,2025-06-30T09:50:58.247166
MjYxOA==,2618,Cortney Fedyshyn,Hydreight,ACTIVE,Cortney Fedyshyn,https://booking.hydreight.com/b/MjYxOA==,https://booking.hydreight.com/widget-business/wo88f,6.445085048675537,2025-06-30T09:51:12.593360
MjYxOQ==,2619,rxiv2go by Anne Marie,Hydreight,ACTIVE,rxiv2go by Anne Marie,https://booking.hydreight.com/b/MjYxOQ==,https://booking.hydreight.com/widget-business/lg38n,6.902471303939819,2025-06-30T09:51:27.450539
MjYyMA==,2620,Misaki Med Spa,Hydreight,ACTIVE,Misaki Med Spa,https://booking.hydreight.com/b/MjYyMA==,https://booking.hydreight.com/widget-business/fd60i,6.482641220092773,2025-06-30T09:51:42.075910
MjYyMQ==,2621,SA WellNurse,Hydreight,ACTIVE,SA WellNurse,https://booking.hydreight.com/b/MjYyMQ==,https://booking.hydreight.com/widget-business/ay32p,6.726041078567505,2025-06-30T09:51:56.722859
MjYyMg==,2622,Age By Design,Hydreight,ACTIVE,Age By Design,https://booking.hydreight.com/b/MjYyMg==,https://booking.hydreight.com/widget-business/aa08f,6.641942024230957,2025-06-30T09:52:11.542730
MjYyMw==,2623,Manna Wellness,Hydreight,ACTIVE,Manna Wellness,https://booking.hydreight.com/b/MjYyMw==,https://booking.hydreight.com/widget-business/cu73n,6.476106882095337,2025-06-30T09:52:25.913434
MjYyNA==,2624,Robyn Raimondo,Hydreight,ACTIVE,Robyn Raimondo,https://booking.hydreight.com/b/MjYyNA==,https://booking.hydreight.com/widget-business/mu46e,6.679949998855591,2025-06-30T09:52:40.321319
MjYyNQ==,2625,Soulful-Hydration,Hydreight,ACTIVE,Soulful-Hydration,https://booking.hydreight.com/b/MjYyNQ==,https://booking.hydreight.com/widget-business/ql99p,6.83626914024353,2025-06-30T09:52:54.628135
MjYyNg==,2626,Angela Goodlett,Hydreight,ACTIVE,Angela Goodlett,https://booking.hydreight.com/b/MjYyNg==,https://booking.hydreight.com/widget-business/hr52h,7.271126985549927,2025-06-30T09:53:09.871049
MjYyNw==,2627,VitalDrip Infusions,Hydreight,ACTIVE,VitalDrip Infusions,https://booking.hydreight.com/b/MjYyNw==,https://booking.hydreight.com/widget-business/ja07x,7.077040910720825,2025-06-30T09:53:24.716645
MjYyOA==,2628,Jacob Ibarra,Hydreight,ACTIVE,Jacob Ibarra,https://booking.hydreight.com/b/MjYyOA==,https://booking.hydreight.com/widget-business/cc85v,6.851266145706177,2025-06-30T09:53:39.420466
MjYyOQ==,2629,The Bloom Infusion Co.,Hydreight,ACTIVE,The Bloom Infusion Co.,https://booking.hydreight.com/b/MjYyOQ==,https://booking.hydreight.com/widget-business/nd32x,6.664816856384277,2025-06-30T09:53:54.392739
MjYzMA==,2630,RevIVe & Rejuvenate Wellness LLC,Hydreight,ACTIVE,RevIVe & Rejuvenate Wellness LLC,https://booking.hydreight.com/b/MjYzMA==,https://booking.hydreight.com/widget-business/lp79c,7.032055854797363,2025-06-30T09:54:09.712461
MjYzMQ==,2631,Karamjit Johal,Hydreight,ACTIVE,Karamjit Johal,https://booking.hydreight.com/b/MjYzMQ==,https://booking.hydreight.com/widget-business/ed84o,7.040873289108276,2025-06-30T09:54:24.531917
MjYzMg==,2632,Tifanie Strehlow,Hydreight,ACTIVE,Tifanie Strehlow,https://booking.hydreight.com/b/MjYzMg==,https://booking.hydreight.com/widget-business/vq98c,7.64826512336731,2025-06-30T09:54:40.031094
MjYzMw==,2633,Essence Hydration and Wellness,Hydreight,ACTIVE,Essence Hydration and Wellness,https://booking.hydreight.com/b/MjYzMw==,https://booking.hydreight.com/widget-business/pd27a,6.439413070678711,2025-06-30T09:54:54.322543
MjYzNA==,2634,Jen Scheff,Hydreight,ACTIVE,Jen Scheff,https://booking.hydreight.com/b/MjYzNA==,https://booking.hydreight.com/widget-business/sg92n,6.84546685218811,2025-06-30T09:55:09.276244
MjYzNQ==,2635,Kellie Simpson,Hydreight,ACTIVE,Kellie Simpson,https://booking.hydreight.com/b/MjYzNQ==,https://booking.hydreight.com/widget-business/tv78y,6.2766993045806885,2025-06-30T09:55:24.003131
MjYzNg==,2636,Vida Flow,Hydreight,ACTIVE,Vida Flow,https://booking.hydreight.com/b/MjYzNg==,https://booking.hydreight.com/widget-business/dd05i,7.126201152801514,2025-06-30T09:55:39.022701
MjYzNw==,2637,IVLuxeInfusion,Hydreight,ACTIVE,IVLuxeInfusion,https://booking.hydreight.com/b/MjYzNw==,https://booking.hydreight.com/widget-business/so83q,6.519649028778076,2025-06-30T09:55:53.374507
MjYzOA==,2638,Revive & Rehydrate with Nurse Nicole,Hydreight,ACTIVE,Revive & Rehydrate with Nurse Nicole,https://booking.hydreight.com/b/MjYzOA==,https://booking.hydreight.com/widget-business/al46q,6.636422157287598,2025-06-30T09:56:07.708497
MjYzOQ==,2639,Tauheedah Fulcher,Hydreight,ACTIVE,Tauheedah Fulcher,https://booking.hydreight.com/b/MjYzOQ==,https://booking.hydreight.com/widget-business/uz81n,7.062250137329102,2025-06-30T09:56:22.569683
MjY0MQ==,2641,Ozarks Hydration and Frequency,Hydreight,ACTIVE,Ozarks Hydration and Frequency,https://booking.hydreight.com/b/MjY0MQ==,https://booking.hydreight.com/widget-business/cx90i,7.221132040023804,2025-06-30T09:56:53.599681
MjY0Mg==,2642,Natacha Derival,Hydreight,ACTIVE,Natacha Derival,https://booking.hydreight.com/b/MjY0Mg==,https://booking.hydreight.com/widget-business/ph65t,7.06354284286499,2025-06-30T09:57:08.519500
MjY0Mw==,2643,Smokey Mountian Mobile IV Hydration and Wellness,Hydreight,ACTIVE,Smokey Mountian Mobile IV Hydration and Wellness,https://booking.hydreight.com/b/MjY0Mw==,https://booking.hydreight.com/b/MjY0Mw==,6.841623783111572,2025-06-30T09:57:23.836192
MjY0NQ==,2645,Smokey Mountain Mobile IV Hydration and Wellness,Hydreight,ACTIVE,Smokey Mountain Mobile IV Hydration and Wellness,https://booking.hydreight.com/b/MjY0NQ==,https://booking.hydreight.com/widget-business/uc55e,6.818626165390015,2025-06-30T09:57:52.782882
MjY0Ng==,2646,Rhonda Todd,Hydreight,ACTIVE,Rhonda Todd,https://booking.hydreight.com/b/MjY0Ng==,https://booking.hydreight.com/widget-business/mc50r,7.098859071731567,2025-06-30T09:58:07.377631
MjY0Nw==,2647,HydroHealth Wellness,Hydreight,ACTIVE,HydroHealth Wellness,https://booking.hydreight.com/b/MjY0Nw==,https://booking.hydreight.com/widget-business/ax01w,6.903821706771851,2025-06-30T09:58:21.866001
MjY0OA==,2648,"Top Tier Performance, LLC",Hydreight,ACTIVE,"Top Tier Performance, LLC",https://booking.hydreight.com/b/MjY0OA==,https://booking.hydreight.com/widget-business/av21o,7.885611057281494,2025-06-30T09:58:37.339623
MjY0OQ==,2649,Covington Wellness,Hydreight,ACTIVE,Covington Wellness,https://booking.hydreight.com/b/MjY0OQ==,https://booking.hydreight.com/widget-business/fg00b,7.2628090381622314,2025-06-30T09:58:51.916320
MjY1MA==,2650,Mimi's hydration lounge,Hydreight,ACTIVE,Mimi's hydration lounge,https://booking.hydreight.com/b/MjY1MA==,https://booking.hydreight.com/widget-business/wo44z,7.10771918296814,2025-06-30T09:59:06.340579
MjY1MQ==,2651,Remedy Infusions,Hydreight,ACTIVE,Remedy Infusions,https://booking.hydreight.com/b/MjY1MQ==,https://booking.hydreight.com/widget-business/eh86z,6.99738073348999,2025-06-30T09:59:21.427794
MjY1Mg==,2652,High Seas IVs,Hydreight,ACTIVE,High Seas IVs,https://booking.hydreight.com/b/MjY1Mg==,https://booking.hydreight.com/widget-business/im40o,6.665264129638672,2025-06-30T09:59:35.633493
MjY1Mw==,2653,Soralim Perez,Hydreight,ACTIVE,Soralim Perez,https://booking.hydreight.com/b/MjY1Mw==,https://booking.hydreight.com/widget-business/ug64c,6.9918599128723145,2025-06-30T09:59:50.255306
MjY1NA==,2654,Maverick Mobile Wellness,Hydreight,ACTIVE,Maverick Mobile Wellness,https://booking.hydreight.com/b/MjY1NA==,https://booking.hydreight.com/widget-business/cn06l,6.499463796615601,2025-06-30T10:00:04.403730
MjY1NQ==,2655,Crystal Kimpel,Hydreight,ACTIVE,Crystal Kimpel,https://booking.hydreight.com/b/MjY1NQ==,https://booking.hydreight.com/widget-business/ns88i,7.182919025421143,2025-06-30T10:00:19.092359
MjY1Ng==,2656,New Hope IV Solutions,Hydreight,ACTIVE,New Hope IV Solutions,https://booking.hydreight.com/b/MjY1Ng==,https://booking.hydreight.com/widget-business/dk89h,7.168722867965698,2025-06-30T10:00:33.787808
MjY1Nw==,2657,Bear Beauty Medspa,Hydreight,ACTIVE,Bear Beauty Medspa,https://booking.hydreight.com/b/MjY1Nw==,https://booking.hydreight.com/widget-business/bq63i,6.86057710647583,2025-06-30T10:00:48.028547
MjY1OA==,2658,Do Better,Hydreight,ACTIVE,Do Better,https://booking.hydreight.com/b/MjY1OA==,https://booking.hydreight.com/widget-business/uw45o,7.310196161270142,2025-06-30T10:01:02.748132
MjY1OQ==,2659,"The Encore Clinic, Inc",Hydreight,ACTIVE,"The Encore Clinic, Inc",https://booking.hydreight.com/b/MjY1OQ==,https://booking.hydreight.com/widget-business/fw44n,6.6302409172058105,2025-06-30T10:01:17.389684
MjY2MA==,2660,Jamie Bezotte,Hydreight,ACTIVE,Jamie Bezotte,https://booking.hydreight.com/b/MjY2MA==,https://booking.hydreight.com/widget-business/rv76i,6.497084856033325,2025-06-30T10:01:31.292663
MjY2MQ==,2661,Marina Kodryan,Hydreight,ACTIVE,Marina Kodryan,https://booking.hydreight.com/b/MjY2MQ==,https://booking.hydreight.com/widget-business/yt74r,6.692782163619995,2025-06-30T10:01:45.696485
MjY2Mg==,2662,ResQ Hydration,Hydreight,ACTIVE,ResQ Hydration,https://booking.hydreight.com/b/MjY2Mg==,https://booking.hydreight.com/widget-business/rq98w,7.237163782119751,2025-06-30T10:02:00.874946
MjY2Mw==,2663,Alivia Smith,Hydreight,ACTIVE,Alivia Smith,https://booking.hydreight.com/b/MjY2Mw==,https://booking.hydreight.com/widget-business/qj86i,7.086678981781006,2025-06-30T10:02:15.421732
MjY2NA==,2664,Ryan Gaffney,Hydreight,ACTIVE,Ryan Gaffney,https://booking.hydreight.com/b/MjY2NA==,https://booking.hydreight.com/widget-business/rl51g,6.475942850112915,2025-06-30T10:02:29.258744
MjY2NQ==,2665,Aracelis Taylor,Hydreight,ACTIVE,Aracelis Taylor,https://booking.hydreight.com/b/MjY2NQ==,https://booking.hydreight.com/widget-business/rv35n,6.653546094894409,2025-06-30T10:02:43.812848
MjY2Ng==,2666,Yvette Barrera,Hydreight,ACTIVE,Yvette Barrera,https://booking.hydreight.com/b/MjY2Ng==,https://booking.hydreight.com/widget-business/au30l,7.023703098297119,2025-06-30T10:02:58.362190
MjY2Nw==,2667,Atlanta Revival,Hydreight,ACTIVE,Atlanta Revival,https://booking.hydreight.com/b/MjY2Nw==,https://booking.hydreight.com/widget-business/lx41x,7.0672218799591064,2025-06-30T10:03:14.107690
MjY2OA==,2668,Hydration by Kandrin,Hydreight,ACTIVE,Hydration by Kandrin,https://booking.hydreight.com/b/MjY2OA==,https://booking.hydreight.com/widget-business/kw27b,7.078953981399536,2025-06-30T10:03:29.242885
MjY2OQ==,2669,Bolevika Family Practice,Hydreight,ACTIVE,Bolevika Family Practice,https://booking.hydreight.com/b/MjY2OQ==,https://booking.hydreight.com/widget-business/tu61n,7.214966058731079,2025-06-30T10:03:44.285730
MjY3MQ==,2671,SALINE + SOUL,Hydreight,ACTIVE,SALINE + SOUL,https://booking.hydreight.com/b/MjY3MQ==,https://booking.hydreight.com/widget-business/jy97r,6.892335891723633,2025-06-30T10:04:13.488534
MjY3Mg==,2672,Danalyn Smith,Hydreight,ACTIVE,Danalyn Smith,https://booking.hydreight.com/b/MjY3Mg==,https://booking.hydreight.com/widget-business/uj84d,6.921215057373047,2025-06-30T10:04:28.226515
MjY3Mw==,2673,Lindsey Moore,Hydreight,ACTIVE,Lindsey Moore,https://booking.hydreight.com/b/MjY3Mw==,https://booking.hydreight.com/widget-business/az49u,6.999394178390503,2025-06-30T10:04:43.632228
MjY3NA==,2674,Japhia Burrell,Hydreight,ACTIVE,Japhia Burrell,https://booking.hydreight.com/b/MjY3NA==,https://booking.hydreight.com/widget-business/xv24p,6.670799970626831,2025-06-30T10:04:58.251738
MjY3Nw==,2677,Serve Medical,Hydreight,ACTIVE,Serve Medical,https://booking.hydreight.com/b/MjY3Nw==,https://booking.hydreight.com/widget-business/yd24y,6.531393051147461,2025-06-30T10:05:41.415723
MjY3OA==,2678,Platinum Oasis,Hydreight,ACTIVE,Platinum Oasis,https://booking.hydreight.com/b/MjY3OA==,https://booking.hydreight.com/widget-business/oh32d,6.471672773361206,2025-06-30T10:05:55.426691
MjY3OQ==,2679,Kelly Roe,Hydreight,ACTIVE,Kelly Roe,https://booking.hydreight.com/b/MjY3OQ==,https://booking.hydreight.com/b/MjY3OQ==,7.2473320960998535,2025-06-30T10:06:10.684896
MjY4MA==,2680,HydraLuxe Infusions,Hydreight,ACTIVE,HydraLuxe Infusions,https://booking.hydreight.com/b/MjY4MA==,https://booking.hydreight.com/widget-business/ld86a,6.696722984313965,2025-06-30T10:06:25.159995
MjY4MQ==,2681,BeWell ZenCare,Hydreight,ACTIVE,BeWell ZenCare,https://booking.hydreight.com/b/MjY4MQ==,https://booking.hydreight.com/widget-business/pp85e,7.095785140991211,2025-06-30T10:06:39.977310
MjY4Mw==,2683,Mountain View Hydration & Wellness,Hydreight,ACTIVE,Mountain View Hydration & Wellness,https://booking.hydreight.com/b/MjY4Mw==,https://booking.hydreight.com/widget-business/ki42v,6.552428960800171,2025-06-30T10:07:09.644697
MjY4NQ==,2685,Erica Pabroa-Ocampo,Hydreight,ACTIVE,Erica Pabroa-Ocampo,https://booking.hydreight.com/b/MjY4NQ==,https://booking.hydreight.com/widget-business/jc85w,6.6896281242370605,2025-06-30T10:07:38.316847
MjY4Ng==,2686,Irmara Santiago Pina,Hydreight,ACTIVE,Irmara Santiago Pina,https://booking.hydreight.com/b/MjY4Ng==,https://booking.hydreight.com/widget-business/ss15o,6.343432903289795,2025-06-30T10:07:54.695215
MjY4Nw==,2687,Abha Shah,Hydreight,ACTIVE,Abha Shah,https://booking.hydreight.com/b/MjY4Nw==,https://booking.hydreight.com/widget-business/hm40w,6.498199701309204,2025-06-30T10:08:09.414010
MjY4OA==,2688,Jessica Willard,Hydreight,ACTIVE,Jessica Willard,https://booking.hydreight.com/b/MjY4OA==,https://booking.hydreight.com/widget-business/ho45w,6.328662157058716,2025-06-30T10:08:23.247937
MjY4OQ==,2689,Jennifer Clifton,Hydreight,ACTIVE,Jennifer Clifton,https://booking.hydreight.com/b/MjY4OQ==,https://booking.hydreight.com/widget-business/dp43f,6.34137487411499,2025-06-30T10:08:37.383663
MjY5MA==,2690,Stephen Condenuevo,Hydreight,ACTIVE,Stephen Condenuevo,https://booking.hydreight.com/b/MjY5MA==,https://booking.hydreight.com/widget-business/ds11j,6.366103887557983,2025-06-30T10:08:51.687603
MjY5MQ==,2691,Haley Trainer,Hydreight,ACTIVE,Haley Trainer,https://booking.hydreight.com/b/MjY5MQ==,https://booking.hydreight.com/widget-business/dp03i,6.847982168197632,2025-06-30T10:09:06.153801
MjY5Mg==,2692,Amore Vita Wellness and Nutrition,Hydreight,ACTIVE,Amore Vita Wellness and Nutrition,https://booking.hydreight.com/b/MjY5Mg==,https://booking.hydreight.com/widget-business/um02g,6.313821792602539,2025-06-30T10:09:20.058127
MjY5Mw==,2693,Allyssa Liekhus,Hydreight,ACTIVE,Allyssa Liekhus,https://booking.hydreight.com/b/MjY5Mw==,https://booking.hydreight.com/widget-business/hm90y,6.322321176528931,2025-06-30T10:09:33.754095
MjY5NA==,2694,Bennie Baxter,Hydreight,ACTIVE,Bennie Baxter,https://booking.hydreight.com/b/MjY5NA==,https://booking.hydreight.com/widget-business/qi30x,6.338320970535278,2025-06-30T10:09:47.876773
MjY5NQ==,2695,Lauren Engle,Hydreight,ACTIVE,Lauren Engle,https://booking.hydreight.com/b/MjY5NQ==,https://booking.hydreight.com/widget-business/ug09r,7.110629320144653,2025-06-30T10:10:02.716538
MjY5Ng==,2696,Hope Happens,Hydreight,ACTIVE,Hope Happens,https://booking.hydreight.com/b/MjY5Ng==,https://booking.hydreight.com/widget-business/ie74g,6.41763710975647,2025-06-30T10:10:16.903679
MjY5Nw==,2697,The Aesthetics Lounge,Hydreight,ACTIVE,The Aesthetics Lounge,https://booking.hydreight.com/b/MjY5Nw==,https://booking.hydreight.com/widget-business/na53h,6.674811124801636,2025-06-30T10:10:32.105259
MjY5OA==,2698,Velonie Blake-Williams,Hydreight,ACTIVE,Velonie Blake-Williams,https://booking.hydreight.com/b/MjY5OA==,https://booking.hydreight.com/widget-business/cn69i,7.114929914474487,2025-06-30T10:10:46.700196
MjY5OQ==,2699,The Drip Bar,Hydreight,ACTIVE,The Drip Bar,https://booking.hydreight.com/b/MjY5OQ==,https://booking.hydreight.com/widget-business/ly84p,6.486170053482056,2025-06-30T10:11:00.572970
MjcwMA==,2700,Amy Gallery,Hydreight,ACTIVE,Amy Gallery,https://booking.hydreight.com/b/MjcwMA==,https://booking.hydreight.com/widget-business/yr59r,6.888079643249512,2025-06-30T10:11:14.894966
MjcwMQ==,2701,Katherine Mongulla,Hydreight,ACTIVE,Katherine Mongulla,https://booking.hydreight.com/b/MjcwMQ==,https://booking.hydreight.com/widget-business/rv54f,7.091590166091919,2025-06-30T10:11:29.510031
MjcwMg==,2702,Ashro Aesthetics,Hydreight,ACTIVE,Ashro Aesthetics,https://booking.hydreight.com/b/MjcwMg==,https://booking.hydreight.com/widget-business/ep74g,6.516184091567993,2025-06-30T10:11:44.676134
MjcwMw==,2703,Pretty Hydrated,Hydreight,ACTIVE,Pretty Hydrated,https://booking.hydreight.com/b/MjcwMw==,https://booking.hydreight.com/widget-business/am56m,7.298083066940308,2025-06-30T10:12:00.238462
MjcwNA==,2704,Yatzel Alvarez,Hydreight,ACTIVE,Yatzel Alvarez,https://booking.hydreight.com/b/MjcwNA==,https://booking.hydreight.com/widget-business/yp91q,6.478818893432617,2025-06-30T10:12:15.646948
MjcwNQ==,2705,Paulina Sarpong - Kumankomah,Hydreight,ACTIVE,Paulina Sarpong - Kumankomah,https://booking.hydreight.com/b/MjcwNQ==,https://booking.hydreight.com/widget-business/qo06q,6.483457803726196,2025-06-30T10:12:29.302533
MjcwNg==,2706,Wellness IV Hydration Anywhere,Hydreight,ACTIVE,Wellness IV Hydration Anywhere,https://booking.hydreight.com/b/MjcwNg==,https://booking.hydreight.com/widget-business/pc62o,7.199322938919067,2025-06-30T10:12:43.886735
MjcwNw==,2707,Sarah LaMothe,Hydreight,ACTIVE,Sarah LaMothe,https://booking.hydreight.com/b/MjcwNw==,https://booking.hydreight.com/widget-business/zh31n,6.840336084365845,2025-06-30T10:12:58.125627
MjcwOQ==,2709,Ivonne Solorzan,Hydreight,ACTIVE,Ivonne Solorzan,https://booking.hydreight.com/b/MjcwOQ==,https://booking.hydreight.com/widget-business/es27h,7.069697856903076,2025-06-30T10:13:28.400865
MjcxMA==,2710,Brittany Brewer,Hydreight,ACTIVE,Brittany Brewer,https://booking.hydreight.com/b/MjcxMA==,https://booking.hydreight.com/b/MjcxMA==,7.089361906051636,2025-06-30T10:13:42.856458
MjcxMQ==,2711,Daniel Sawh,Hydreight,ACTIVE,Daniel Sawh,https://booking.hydreight.com/b/MjcxMQ==,https://booking.hydreight.com/b/MjcxMQ==,7.077993154525757,2025-06-30T10:13:57.360850
MjcxMg==,2712,High Country Hydration,Hydreight,ACTIVE,High Country Hydration,https://booking.hydreight.com/b/MjcxMg==,https://booking.hydreight.com/widget-business/it65k,6.471076011657715,2025-06-30T10:14:11.265462
MjcxMw==,2713,Body by D Hayes,Hydreight,ACTIVE,Body by D Hayes,https://booking.hydreight.com/b/MjcxMw==,https://booking.hydreight.com/widget-business/ci33m,6.575416088104248,2025-06-30T10:14:25.091180
MjcxNA==,2714,Melissa Tacia,Hydreight,ACTIVE,Melissa Tacia,https://booking.hydreight.com/b/MjcxNA==,https://booking.hydreight.com/widget-business/nd04z,6.835707187652588,2025-06-30T10:14:39.318364
MjcxNQ==,2715,Jossmed Mobile IV Therapy and Wellness,Hydreight,ACTIVE,Jossmed Mobile IV Therapy and Wellness,https://booking.hydreight.com/b/MjcxNQ==,https://booking.hydreight.com/widget-business/rp65n,6.607313871383667,2025-06-30T10:14:55.808521
MjcxNg==,2716,Christina Sabankaya,Hydreight,ACTIVE,Christina Sabankaya,https://booking.hydreight.com/b/MjcxNg==,https://booking.hydreight.com/widget-business/af36z,6.665312051773071,2025-06-30T10:15:09.910548
MjcxNw==,2717,Liquid Courage IV,Hydreight,ACTIVE,Liquid Courage IV,https://booking.hydreight.com/b/MjcxNw==,https://booking.hydreight.com/widget-business/qq78m,7.537768125534058,2025-06-30T10:15:25.190452
MjcxOA==,2718,Flow IV Hydration & Wellness,Hydreight,ACTIVE,Flow IV Hydration & Wellness,https://booking.hydreight.com/b/MjcxOA==,https://booking.hydreight.com/widget-business/lu50n,7.027945041656494,2025-06-30T10:15:39.686088
MjcxOQ==,2719,Christina Proa,Hydreight,ACTIVE,Christina Proa,https://booking.hydreight.com/b/MjcxOQ==,https://booking.hydreight.com/widget-business/sr99j,6.61990213394165,2025-06-30T10:15:53.861423
MjcyMA==,2720,Hankinson Chiropractic and Wellness,Hydreight,ACTIVE,Hankinson Chiropractic and Wellness,https://booking.hydreight.com/b/MjcyMA==,https://booking.hydreight.com/widget-business/ni68c,5.250363826751709,2025-06-30T10:16:07.846071
MjcyMQ==,2721,Revivere Health,Hydreight,ACTIVE,Revivere Health,https://booking.hydreight.com/b/MjcyMQ==,https://booking.hydreight.com/widget-business/dm96v,7.0775909423828125,2025-06-30T10:16:22.628866
MjcyMg==,2722,Altamaha Aesthetics & Wellness,Hydreight,ACTIVE,Altamaha Aesthetics & Wellness,https://booking.hydreight.com/b/MjcyMg==,https://booking.hydreight.com/widget-business/ka03o,6.254810094833374,2025-06-30T10:16:37.615696
MjcyMw==,2723,"Infinity Health and Wellness Clinic,LLC",Hydreight,ACTIVE,"Infinity Health and Wellness Clinic,LLC",https://booking.hydreight.com/b/MjcyMw==,https://booking.hydreight.com/widget-business/ua41a,6.463486194610596,2025-06-30T10:16:49.456392
MjcyNA==,2724,Dana Smith,Hydreight,ACTIVE,Dana Smith,https://booking.hydreight.com/b/MjcyNA==,https://booking.hydreight.com/widget-business/nm27q,6.481019020080566,2025-06-30T10:17:04.127018
MjcyNQ==,2725,Valley Vitality Wellness,Hydreight,ACTIVE,Valley Vitality Wellness,https://booking.hydreight.com/b/MjcyNQ==,https://booking.hydreight.com/widget-business/bm33u,6.560364007949829,2025-06-30T10:17:19.060066
MjcyNg==,2726,Jennifer Crews,Hydreight,ACTIVE,Jennifer Crews,https://booking.hydreight.com/b/MjcyNg==,https://booking.hydreight.com/widget-business/op31n,6.875399112701416,2025-06-30T10:17:33.501645
