slug,url,final_url,discovery_method,business_name,address,phone,services,discovered_at,api_data,indicators
yc92e,https://vsdigital-bookingwidget-prod.azurewebsites.net/widget-business/yc92e,,API,,,,,2025-06-20T13:05:18.056671,"<!doctype html><html lang=""en""><head><meta charset=""utf-8""/><title></title><link rel=""icon"" type=""image/png"" href=""""/><link rel=""preconnect"" href=""https://fonts.googleapis.com""><link rel=""preconnect"" href=""https://fonts.gstatic.com"" crossorigin><link href=""https://fonts.googleapis.com/css2?family=Inter:ital,opsz,wght@0,14..32,100..900;1,14..32,100..900&display=swap"" rel=""stylesheet""><link href=""https://fonts.googleapis.com/icon?family=Material+Icons"" rel=""stylesheet""/><link rel=""stylesheet"" href",
od74i,https://vsdigital-bookingwidget-prod.azurewebsites.net/widget-business/od74i,,API,,,,,2025-06-20T13:05:19.364129,"<!doctype html><html lang=""en""><head><meta charset=""utf-8""/><title></title><link rel=""icon"" type=""image/png"" href=""""/><link rel=""preconnect"" href=""https://fonts.googleapis.com""><link rel=""preconnect"" href=""https://fonts.gstatic.com"" crossorigin><link href=""https://fonts.googleapis.com/css2?family=Inter:ital,opsz,wght@0,14..32,100..900;1,14..32,100..900&display=swap"" rel=""stylesheet""><link href=""https://fonts.googleapis.com/icon?family=Material+Icons"" rel=""stylesheet""/><link rel=""stylesheet"" href",
cp94s,https://vsdigital-bookingwidget-prod.azurewebsites.net/widget-business/cp94s,,API,,,,,2025-06-20T13:05:21.004222,"<!doctype html><html lang=""en""><head><meta charset=""utf-8""/><title></title><link rel=""icon"" type=""image/png"" href=""""/><link rel=""preconnect"" href=""https://fonts.googleapis.com""><link rel=""preconnect"" href=""https://fonts.gstatic.com"" crossorigin><link href=""https://fonts.googleapis.com/css2?family=Inter:ital,opsz,wght@0,14..32,100..900;1,14..32,100..900&display=swap"" rel=""stylesheet""><link href=""https://fonts.googleapis.com/icon?family=Material+Icons"" rel=""stylesheet""/><link rel=""stylesheet"" href",
yw24w,https://vsdigital-bookingwidget-prod.azurewebsites.net/widget-business/yw24w,,API,,,,,2025-06-20T13:05:22.866820,"<!doctype html><html lang=""en""><head><meta charset=""utf-8""/><title></title><link rel=""icon"" type=""image/png"" href=""""/><link rel=""preconnect"" href=""https://fonts.googleapis.com""><link rel=""preconnect"" href=""https://fonts.gstatic.com"" crossorigin><link href=""https://fonts.googleapis.com/css2?family=Inter:ital,opsz,wght@0,14..32,100..900;1,14..32,100..900&display=swap"" rel=""stylesheet""><link href=""https://fonts.googleapis.com/icon?family=Material+Icons"" rel=""stylesheet""/><link rel=""stylesheet"" href",
cm42y,https://vsdigital-bookingwidget-prod.azurewebsites.net/widget-business/cm42y,,API,,,,,2025-06-20T13:05:24.389586,"<!doctype html><html lang=""en""><head><meta charset=""utf-8""/><title></title><link rel=""icon"" type=""image/png"" href=""""/><link rel=""preconnect"" href=""https://fonts.googleapis.com""><link rel=""preconnect"" href=""https://fonts.gstatic.com"" crossorigin><link href=""https://fonts.googleapis.com/css2?family=Inter:ital,opsz,wght@0,14..32,100..900;1,14..32,100..900&display=swap"" rel=""stylesheet""><link href=""https://fonts.googleapis.com/icon?family=Material+Icons"" rel=""stylesheet""/><link rel=""stylesheet"" href",
yh04s,https://vsdigital-bookingwidget-prod.azurewebsites.net/widget-business/yh04s,,API,,,,,2025-06-20T13:05:26.546668,"<!doctype html><html lang=""en""><head><meta charset=""utf-8""/><title></title><link rel=""icon"" type=""image/png"" href=""""/><link rel=""preconnect"" href=""https://fonts.googleapis.com""><link rel=""preconnect"" href=""https://fonts.gstatic.com"" crossorigin><link href=""https://fonts.googleapis.com/css2?family=Inter:ital,opsz,wght@0,14..32,100..900;1,14..32,100..900&display=swap"" rel=""stylesheet""><link href=""https://fonts.googleapis.com/icon?family=Material+Icons"" rel=""stylesheet""/><link rel=""stylesheet"" href",
md10i,https://vsdigital-bookingwidget-prod.azurewebsites.net/widget-business/md10i,,API,,,,,2025-06-20T13:05:28.045103,"<!doctype html><html lang=""en""><head><meta charset=""utf-8""/><title></title><link rel=""icon"" type=""image/png"" href=""""/><link rel=""preconnect"" href=""https://fonts.googleapis.com""><link rel=""preconnect"" href=""https://fonts.gstatic.com"" crossorigin><link href=""https://fonts.googleapis.com/css2?family=Inter:ital,opsz,wght@0,14..32,100..900;1,14..32,100..900&display=swap"" rel=""stylesheet""><link href=""https://fonts.googleapis.com/icon?family=Material+Icons"" rel=""stylesheet""/><link rel=""stylesheet"" href",
zq34m,https://vsdigital-bookingwidget-prod.azurewebsites.net/widget-business/zq34m,,API,,,,,2025-06-20T13:05:29.581768,"<!doctype html><html lang=""en""><head><meta charset=""utf-8""/><title></title><link rel=""icon"" type=""image/png"" href=""""/><link rel=""preconnect"" href=""https://fonts.googleapis.com""><link rel=""preconnect"" href=""https://fonts.gstatic.com"" crossorigin><link href=""https://fonts.googleapis.com/css2?family=Inter:ital,opsz,wght@0,14..32,100..900;1,14..32,100..900&display=swap"" rel=""stylesheet""><link href=""https://fonts.googleapis.com/icon?family=Material+Icons"" rel=""stylesheet""/><link rel=""stylesheet"" href",
yd20m,https://vsdigital-bookingwidget-prod.azurewebsites.net/widget-business/yd20m,,API,,,,,2025-06-20T13:05:31.058025,"<!doctype html><html lang=""en""><head><meta charset=""utf-8""/><title></title><link rel=""icon"" type=""image/png"" href=""""/><link rel=""preconnect"" href=""https://fonts.googleapis.com""><link rel=""preconnect"" href=""https://fonts.gstatic.com"" crossorigin><link href=""https://fonts.googleapis.com/css2?family=Inter:ital,opsz,wght@0,14..32,100..900;1,14..32,100..900&display=swap"" rel=""stylesheet""><link href=""https://fonts.googleapis.com/icon?family=Material+Icons"" rel=""stylesheet""/><link rel=""stylesheet"" href",
sp29k,https://vsdigital-bookingwidget-prod.azurewebsites.net/widget-business/sp29k,,API,,,,,2025-06-20T13:05:33.180167,"<!doctype html><html lang=""en""><head><meta charset=""utf-8""/><title></title><link rel=""icon"" type=""image/png"" href=""""/><link rel=""preconnect"" href=""https://fonts.googleapis.com""><link rel=""preconnect"" href=""https://fonts.gstatic.com"" crossorigin><link href=""https://fonts.googleapis.com/css2?family=Inter:ital,opsz,wght@0,14..32,100..900;1,14..32,100..900&display=swap"" rel=""stylesheet""><link href=""https://fonts.googleapis.com/icon?family=Material+Icons"" rel=""stylesheet""/><link rel=""stylesheet"" href",
hd53o,https://vsdigital-bookingwidget-prod.azurewebsites.net/widget-business/hd53o,,API,,,,,2025-06-20T13:05:35.333152,"<!doctype html><html lang=""en""><head><meta charset=""utf-8""/><title></title><link rel=""icon"" type=""image/png"" href=""""/><link rel=""preconnect"" href=""https://fonts.googleapis.com""><link rel=""preconnect"" href=""https://fonts.gstatic.com"" crossorigin><link href=""https://fonts.googleapis.com/css2?family=Inter:ital,opsz,wght@0,14..32,100..900;1,14..32,100..900&display=swap"" rel=""stylesheet""><link href=""https://fonts.googleapis.com/icon?family=Material+Icons"" rel=""stylesheet""/><link rel=""stylesheet"" href",
ek22b,https://vsdigital-bookingwidget-prod.azurewebsites.net/widget-business/ek22b,,API,,,,,2025-06-20T13:05:36.845258,"<!doctype html><html lang=""en""><head><meta charset=""utf-8""/><title></title><link rel=""icon"" type=""image/png"" href=""""/><link rel=""preconnect"" href=""https://fonts.googleapis.com""><link rel=""preconnect"" href=""https://fonts.gstatic.com"" crossorigin><link href=""https://fonts.googleapis.com/css2?family=Inter:ital,opsz,wght@0,14..32,100..900;1,14..32,100..900&display=swap"" rel=""stylesheet""><link href=""https://fonts.googleapis.com/icon?family=Material+Icons"" rel=""stylesheet""/><link rel=""stylesheet"" href",
od04m,https://vsdigital-bookingwidget-prod.azurewebsites.net/widget-business/od04m,,API,,,,,2025-06-20T13:05:38.413108,"<!doctype html><html lang=""en""><head><meta charset=""utf-8""/><title></title><link rel=""icon"" type=""image/png"" href=""""/><link rel=""preconnect"" href=""https://fonts.googleapis.com""><link rel=""preconnect"" href=""https://fonts.gstatic.com"" crossorigin><link href=""https://fonts.googleapis.com/css2?family=Inter:ital,opsz,wght@0,14..32,100..900;1,14..32,100..900&display=swap"" rel=""stylesheet""><link href=""https://fonts.googleapis.com/icon?family=Material+Icons"" rel=""stylesheet""/><link rel=""stylesheet"" href",
fu73w,https://vsdigital-bookingwidget-prod.azurewebsites.net/widget-business/fu73w,,API,,,,,2025-06-20T13:05:40.272060,"<!doctype html><html lang=""en""><head><meta charset=""utf-8""/><title></title><link rel=""icon"" type=""image/png"" href=""""/><link rel=""preconnect"" href=""https://fonts.googleapis.com""><link rel=""preconnect"" href=""https://fonts.gstatic.com"" crossorigin><link href=""https://fonts.googleapis.com/css2?family=Inter:ital,opsz,wght@0,14..32,100..900;1,14..32,100..900&display=swap"" rel=""stylesheet""><link href=""https://fonts.googleapis.com/icon?family=Material+Icons"" rel=""stylesheet""/><link rel=""stylesheet"" href",
yr37m,https://vsdigital-bookingwidget-prod.azurewebsites.net/widget-business/yr37m,,API,,,,,2025-06-20T13:05:41.684204,"<!doctype html><html lang=""en""><head><meta charset=""utf-8""/><title></title><link rel=""icon"" type=""image/png"" href=""""/><link rel=""preconnect"" href=""https://fonts.googleapis.com""><link rel=""preconnect"" href=""https://fonts.gstatic.com"" crossorigin><link href=""https://fonts.googleapis.com/css2?family=Inter:ital,opsz,wght@0,14..32,100..900;1,14..32,100..900&display=swap"" rel=""stylesheet""><link href=""https://fonts.googleapis.com/icon?family=Material+Icons"" rel=""stylesheet""/><link rel=""stylesheet"" href",
zo24s,https://vsdigital-bookingwidget-prod.azurewebsites.net/widget-business/zo24s,,API,,,,,2025-06-20T13:05:43.391224,"<!doctype html><html lang=""en""><head><meta charset=""utf-8""/><title></title><link rel=""icon"" type=""image/png"" href=""""/><link rel=""preconnect"" href=""https://fonts.googleapis.com""><link rel=""preconnect"" href=""https://fonts.gstatic.com"" crossorigin><link href=""https://fonts.googleapis.com/css2?family=Inter:ital,opsz,wght@0,14..32,100..900;1,14..32,100..900&display=swap"" rel=""stylesheet""><link href=""https://fonts.googleapis.com/icon?family=Material+Icons"" rel=""stylesheet""/><link rel=""stylesheet"" href",
bo40s,https://vsdigital-bookingwidget-prod.azurewebsites.net/widget-business/bo40s,,API,,,,,2025-06-20T13:05:45.428980,"<!doctype html><html lang=""en""><head><meta charset=""utf-8""/><title></title><link rel=""icon"" type=""image/png"" href=""""/><link rel=""preconnect"" href=""https://fonts.googleapis.com""><link rel=""preconnect"" href=""https://fonts.gstatic.com"" crossorigin><link href=""https://fonts.googleapis.com/css2?family=Inter:ital,opsz,wght@0,14..32,100..900;1,14..32,100..900&display=swap"" rel=""stylesheet""><link href=""https://fonts.googleapis.com/icon?family=Material+Icons"" rel=""stylesheet""/><link rel=""stylesheet"" href",
az97l,https://vsdigital-bookingwidget-prod.azurewebsites.net/widget-business/az97l,,API,,,,,2025-06-20T13:05:47.250816,"<!doctype html><html lang=""en""><head><meta charset=""utf-8""/><title></title><link rel=""icon"" type=""image/png"" href=""""/><link rel=""preconnect"" href=""https://fonts.googleapis.com""><link rel=""preconnect"" href=""https://fonts.gstatic.com"" crossorigin><link href=""https://fonts.googleapis.com/css2?family=Inter:ital,opsz,wght@0,14..32,100..900;1,14..32,100..900&display=swap"" rel=""stylesheet""><link href=""https://fonts.googleapis.com/icon?family=Material+Icons"" rel=""stylesheet""/><link rel=""stylesheet"" href",
xn76q,https://vsdigital-bookingwidget-prod.azurewebsites.net/widget-business/xn76q,,API,,,,,2025-06-20T13:05:49.217186,"<!doctype html><html lang=""en""><head><meta charset=""utf-8""/><title></title><link rel=""icon"" type=""image/png"" href=""""/><link rel=""preconnect"" href=""https://fonts.googleapis.com""><link rel=""preconnect"" href=""https://fonts.gstatic.com"" crossorigin><link href=""https://fonts.googleapis.com/css2?family=Inter:ital,opsz,wght@0,14..32,100..900;1,14..32,100..900&display=swap"" rel=""stylesheet""><link href=""https://fonts.googleapis.com/icon?family=Material+Icons"" rel=""stylesheet""/><link rel=""stylesheet"" href",
bt21u,https://vsdigital-bookingwidget-prod.azurewebsites.net/widget-business/bt21u,,API,,,,,2025-06-20T13:05:51.416128,"<!doctype html><html lang=""en""><head><meta charset=""utf-8""/><title></title><link rel=""icon"" type=""image/png"" href=""""/><link rel=""preconnect"" href=""https://fonts.googleapis.com""><link rel=""preconnect"" href=""https://fonts.gstatic.com"" crossorigin><link href=""https://fonts.googleapis.com/css2?family=Inter:ital,opsz,wght@0,14..32,100..900;1,14..32,100..900&display=swap"" rel=""stylesheet""><link href=""https://fonts.googleapis.com/icon?family=Material+Icons"" rel=""stylesheet""/><link rel=""stylesheet"" href",
bj21f,https://vsdigital-bookingwidget-prod.azurewebsites.net/widget-business/bj21f,,API,,,,,2025-06-20T13:05:52.819555,"<!doctype html><html lang=""en""><head><meta charset=""utf-8""/><title></title><link rel=""icon"" type=""image/png"" href=""""/><link rel=""preconnect"" href=""https://fonts.googleapis.com""><link rel=""preconnect"" href=""https://fonts.gstatic.com"" crossorigin><link href=""https://fonts.googleapis.com/css2?family=Inter:ital,opsz,wght@0,14..32,100..900;1,14..32,100..900&display=swap"" rel=""stylesheet""><link href=""https://fonts.googleapis.com/icon?family=Material+Icons"" rel=""stylesheet""/><link rel=""stylesheet"" href",
zd22z,https://vsdigital-bookingwidget-prod.azurewebsites.net/widget-business/zd22z,,API,,,,,2025-06-20T13:05:55.002907,"<!doctype html><html lang=""en""><head><meta charset=""utf-8""/><title></title><link rel=""icon"" type=""image/png"" href=""""/><link rel=""preconnect"" href=""https://fonts.googleapis.com""><link rel=""preconnect"" href=""https://fonts.gstatic.com"" crossorigin><link href=""https://fonts.googleapis.com/css2?family=Inter:ital,opsz,wght@0,14..32,100..900;1,14..32,100..900&display=swap"" rel=""stylesheet""><link href=""https://fonts.googleapis.com/icon?family=Material+Icons"" rel=""stylesheet""/><link rel=""stylesheet"" href",
hn34w,https://vsdigital-bookingwidget-prod.azurewebsites.net/widget-business/hn34w,,API,,,,,2025-06-20T13:05:56.455091,"<!doctype html><html lang=""en""><head><meta charset=""utf-8""/><title></title><link rel=""icon"" type=""image/png"" href=""""/><link rel=""preconnect"" href=""https://fonts.googleapis.com""><link rel=""preconnect"" href=""https://fonts.gstatic.com"" crossorigin><link href=""https://fonts.googleapis.com/css2?family=Inter:ital,opsz,wght@0,14..32,100..900;1,14..32,100..900&display=swap"" rel=""stylesheet""><link href=""https://fonts.googleapis.com/icon?family=Material+Icons"" rel=""stylesheet""/><link rel=""stylesheet"" href",
ds24m,https://vsdigital-bookingwidget-prod.azurewebsites.net/widget-business/ds24m,,API,,,,,2025-06-20T13:05:58.266147,"<!doctype html><html lang=""en""><head><meta charset=""utf-8""/><title></title><link rel=""icon"" type=""image/png"" href=""""/><link rel=""preconnect"" href=""https://fonts.googleapis.com""><link rel=""preconnect"" href=""https://fonts.gstatic.com"" crossorigin><link href=""https://fonts.googleapis.com/css2?family=Inter:ital,opsz,wght@0,14..32,100..900;1,14..32,100..900&display=swap"" rel=""stylesheet""><link href=""https://fonts.googleapis.com/icon?family=Material+Icons"" rel=""stylesheet""/><link rel=""stylesheet"" href",
qm40f,https://vsdigital-bookingwidget-prod.azurewebsites.net/widget-business/qm40f,,API,,,,,2025-06-20T13:06:00.173075,"<!doctype html><html lang=""en""><head><meta charset=""utf-8""/><title></title><link rel=""icon"" type=""image/png"" href=""""/><link rel=""preconnect"" href=""https://fonts.googleapis.com""><link rel=""preconnect"" href=""https://fonts.gstatic.com"" crossorigin><link href=""https://fonts.googleapis.com/css2?family=Inter:ital,opsz,wght@0,14..32,100..900;1,14..32,100..900&display=swap"" rel=""stylesheet""><link href=""https://fonts.googleapis.com/icon?family=Material+Icons"" rel=""stylesheet""/><link rel=""stylesheet"" href",
ob96u,https://vsdigital-bookingwidget-prod.azurewebsites.net/widget-business/ob96u,,API,,,,,2025-06-20T13:06:02.001978,"<!doctype html><html lang=""en""><head><meta charset=""utf-8""/><title></title><link rel=""icon"" type=""image/png"" href=""""/><link rel=""preconnect"" href=""https://fonts.googleapis.com""><link rel=""preconnect"" href=""https://fonts.gstatic.com"" crossorigin><link href=""https://fonts.googleapis.com/css2?family=Inter:ital,opsz,wght@0,14..32,100..900;1,14..32,100..900&display=swap"" rel=""stylesheet""><link href=""https://fonts.googleapis.com/icon?family=Material+Icons"" rel=""stylesheet""/><link rel=""stylesheet"" href",
pd10j,https://vsdigital-bookingwidget-prod.azurewebsites.net/widget-business/pd10j,,API,,,,,2025-06-20T13:06:03.425714,"<!doctype html><html lang=""en""><head><meta charset=""utf-8""/><title></title><link rel=""icon"" type=""image/png"" href=""""/><link rel=""preconnect"" href=""https://fonts.googleapis.com""><link rel=""preconnect"" href=""https://fonts.gstatic.com"" crossorigin><link href=""https://fonts.googleapis.com/css2?family=Inter:ital,opsz,wght@0,14..32,100..900;1,14..32,100..900&display=swap"" rel=""stylesheet""><link href=""https://fonts.googleapis.com/icon?family=Material+Icons"" rel=""stylesheet""/><link rel=""stylesheet"" href",
ap24l,https://vsdigital-bookingwidget-prod.azurewebsites.net/widget-business/ap24l,,API,,,,,2025-06-20T13:06:05.313536,"<!doctype html><html lang=""en""><head><meta charset=""utf-8""/><title></title><link rel=""icon"" type=""image/png"" href=""""/><link rel=""preconnect"" href=""https://fonts.googleapis.com""><link rel=""preconnect"" href=""https://fonts.gstatic.com"" crossorigin><link href=""https://fonts.googleapis.com/css2?family=Inter:ital,opsz,wght@0,14..32,100..900;1,14..32,100..900&display=swap"" rel=""stylesheet""><link href=""https://fonts.googleapis.com/icon?family=Material+Icons"" rel=""stylesheet""/><link rel=""stylesheet"" href",
ah41a,https://vsdigital-bookingwidget-prod.azurewebsites.net/widget-business/ah41a,,API,,,,,2025-06-20T13:06:06.665148,"<!doctype html><html lang=""en""><head><meta charset=""utf-8""/><title></title><link rel=""icon"" type=""image/png"" href=""""/><link rel=""preconnect"" href=""https://fonts.googleapis.com""><link rel=""preconnect"" href=""https://fonts.gstatic.com"" crossorigin><link href=""https://fonts.googleapis.com/css2?family=Inter:ital,opsz,wght@0,14..32,100..900;1,14..32,100..900&display=swap"" rel=""stylesheet""><link href=""https://fonts.googleapis.com/icon?family=Material+Icons"" rel=""stylesheet""/><link rel=""stylesheet"" href",
yp99l,https://vsdigital-bookingwidget-prod.azurewebsites.net/widget-business/yp99l,,API,,,,,2025-06-20T13:06:08.733502,"<!doctype html><html lang=""en""><head><meta charset=""utf-8""/><title></title><link rel=""icon"" type=""image/png"" href=""""/><link rel=""preconnect"" href=""https://fonts.googleapis.com""><link rel=""preconnect"" href=""https://fonts.gstatic.com"" crossorigin><link href=""https://fonts.googleapis.com/css2?family=Inter:ital,opsz,wght@0,14..32,100..900;1,14..32,100..900&display=swap"" rel=""stylesheet""><link href=""https://fonts.googleapis.com/icon?family=Material+Icons"" rel=""stylesheet""/><link rel=""stylesheet"" href",
ba22b,https://vsdigital-bookingwidget-prod.azurewebsites.net/widget-business/ba22b,,API,,,,,2025-06-20T13:06:10.142169,"<!doctype html><html lang=""en""><head><meta charset=""utf-8""/><title></title><link rel=""icon"" type=""image/png"" href=""""/><link rel=""preconnect"" href=""https://fonts.googleapis.com""><link rel=""preconnect"" href=""https://fonts.gstatic.com"" crossorigin><link href=""https://fonts.googleapis.com/css2?family=Inter:ital,opsz,wght@0,14..32,100..900;1,14..32,100..900&display=swap"" rel=""stylesheet""><link href=""https://fonts.googleapis.com/icon?family=Material+Icons"" rel=""stylesheet""/><link rel=""stylesheet"" href",
lc44m,https://vsdigital-bookingwidget-prod.azurewebsites.net/widget-business/lc44m,,API,,,,,2025-06-20T13:06:12.048704,"<!doctype html><html lang=""en""><head><meta charset=""utf-8""/><title></title><link rel=""icon"" type=""image/png"" href=""""/><link rel=""preconnect"" href=""https://fonts.googleapis.com""><link rel=""preconnect"" href=""https://fonts.gstatic.com"" crossorigin><link href=""https://fonts.googleapis.com/css2?family=Inter:ital,opsz,wght@0,14..32,100..900;1,14..32,100..900&display=swap"" rel=""stylesheet""><link href=""https://fonts.googleapis.com/icon?family=Material+Icons"" rel=""stylesheet""/><link rel=""stylesheet"" href",
ys53r,https://vsdigital-bookingwidget-prod.azurewebsites.net/widget-business/ys53r,,API,,,,,2025-06-20T13:06:13.288928,"<!doctype html><html lang=""en""><head><meta charset=""utf-8""/><title></title><link rel=""icon"" type=""image/png"" href=""""/><link rel=""preconnect"" href=""https://fonts.googleapis.com""><link rel=""preconnect"" href=""https://fonts.gstatic.com"" crossorigin><link href=""https://fonts.googleapis.com/css2?family=Inter:ital,opsz,wght@0,14..32,100..900;1,14..32,100..900&display=swap"" rel=""stylesheet""><link href=""https://fonts.googleapis.com/icon?family=Material+Icons"" rel=""stylesheet""/><link rel=""stylesheet"" href",
ad49t,https://vsdigital-bookingwidget-prod.azurewebsites.net/widget-business/ad49t,,API,,,,,2025-06-20T13:06:14.887323,"<!doctype html><html lang=""en""><head><meta charset=""utf-8""/><title></title><link rel=""icon"" type=""image/png"" href=""""/><link rel=""preconnect"" href=""https://fonts.googleapis.com""><link rel=""preconnect"" href=""https://fonts.gstatic.com"" crossorigin><link href=""https://fonts.googleapis.com/css2?family=Inter:ital,opsz,wght@0,14..32,100..900;1,14..32,100..900&display=swap"" rel=""stylesheet""><link href=""https://fonts.googleapis.com/icon?family=Material+Icons"" rel=""stylesheet""/><link rel=""stylesheet"" href",
ts20k,https://vsdigital-bookingwidget-prod.azurewebsites.net/widget-business/ts20k,,API,,,,,2025-06-20T13:06:16.238058,"<!doctype html><html lang=""en""><head><meta charset=""utf-8""/><title></title><link rel=""icon"" type=""image/png"" href=""""/><link rel=""preconnect"" href=""https://fonts.googleapis.com""><link rel=""preconnect"" href=""https://fonts.gstatic.com"" crossorigin><link href=""https://fonts.googleapis.com/css2?family=Inter:ital,opsz,wght@0,14..32,100..900;1,14..32,100..900&display=swap"" rel=""stylesheet""><link href=""https://fonts.googleapis.com/icon?family=Material+Icons"" rel=""stylesheet""/><link rel=""stylesheet"" href",
lx39o,https://vsdigital-bookingwidget-prod.azurewebsites.net/widget-business/lx39o,,API,,,,,2025-06-20T13:06:17.672922,"<!doctype html><html lang=""en""><head><meta charset=""utf-8""/><title></title><link rel=""icon"" type=""image/png"" href=""""/><link rel=""preconnect"" href=""https://fonts.googleapis.com""><link rel=""preconnect"" href=""https://fonts.gstatic.com"" crossorigin><link href=""https://fonts.googleapis.com/css2?family=Inter:ital,opsz,wght@0,14..32,100..900;1,14..32,100..900&display=swap"" rel=""stylesheet""><link href=""https://fonts.googleapis.com/icon?family=Material+Icons"" rel=""stylesheet""/><link rel=""stylesheet"" href",
qs46l,https://vsdigital-bookingwidget-prod.azurewebsites.net/widget-business/qs46l,,API,,,,,2025-06-20T13:06:19.490170,"<!doctype html><html lang=""en""><head><meta charset=""utf-8""/><title></title><link rel=""icon"" type=""image/png"" href=""""/><link rel=""preconnect"" href=""https://fonts.googleapis.com""><link rel=""preconnect"" href=""https://fonts.gstatic.com"" crossorigin><link href=""https://fonts.googleapis.com/css2?family=Inter:ital,opsz,wght@0,14..32,100..900;1,14..32,100..900&display=swap"" rel=""stylesheet""><link href=""https://fonts.googleapis.com/icon?family=Material+Icons"" rel=""stylesheet""/><link rel=""stylesheet"" href",
qd90t,https://vsdigital-bookingwidget-prod.azurewebsites.net/widget-business/qd90t,,API,,,,,2025-06-20T13:06:20.957152,"<!doctype html><html lang=""en""><head><meta charset=""utf-8""/><title></title><link rel=""icon"" type=""image/png"" href=""""/><link rel=""preconnect"" href=""https://fonts.googleapis.com""><link rel=""preconnect"" href=""https://fonts.gstatic.com"" crossorigin><link href=""https://fonts.googleapis.com/css2?family=Inter:ital,opsz,wght@0,14..32,100..900;1,14..32,100..900&display=swap"" rel=""stylesheet""><link href=""https://fonts.googleapis.com/icon?family=Material+Icons"" rel=""stylesheet""/><link rel=""stylesheet"" href",
tu30x,https://vsdigital-bookingwidget-prod.azurewebsites.net/widget-business/tu30x,,API,,,,,2025-06-20T13:06:22.569737,"<!doctype html><html lang=""en""><head><meta charset=""utf-8""/><title></title><link rel=""icon"" type=""image/png"" href=""""/><link rel=""preconnect"" href=""https://fonts.googleapis.com""><link rel=""preconnect"" href=""https://fonts.gstatic.com"" crossorigin><link href=""https://fonts.googleapis.com/css2?family=Inter:ital,opsz,wght@0,14..32,100..900;1,14..32,100..900&display=swap"" rel=""stylesheet""><link href=""https://fonts.googleapis.com/icon?family=Material+Icons"" rel=""stylesheet""/><link rel=""stylesheet"" href",
ie72w,https://vsdigital-bookingwidget-prod.azurewebsites.net/widget-business/ie72w,,API,,,,,2025-06-20T13:06:24.109137,"<!doctype html><html lang=""en""><head><meta charset=""utf-8""/><title></title><link rel=""icon"" type=""image/png"" href=""""/><link rel=""preconnect"" href=""https://fonts.googleapis.com""><link rel=""preconnect"" href=""https://fonts.gstatic.com"" crossorigin><link href=""https://fonts.googleapis.com/css2?family=Inter:ital,opsz,wght@0,14..32,100..900;1,14..32,100..900&display=swap"" rel=""stylesheet""><link href=""https://fonts.googleapis.com/icon?family=Material+Icons"" rel=""stylesheet""/><link rel=""stylesheet"" href",
ta10c,https://vsdigital-bookingwidget-prod.azurewebsites.net/widget-business/ta10c,,API,,,,,2025-06-20T13:06:25.989268,"<!doctype html><html lang=""en""><head><meta charset=""utf-8""/><title></title><link rel=""icon"" type=""image/png"" href=""""/><link rel=""preconnect"" href=""https://fonts.googleapis.com""><link rel=""preconnect"" href=""https://fonts.gstatic.com"" crossorigin><link href=""https://fonts.googleapis.com/css2?family=Inter:ital,opsz,wght@0,14..32,100..900;1,14..32,100..900&display=swap"" rel=""stylesheet""><link href=""https://fonts.googleapis.com/icon?family=Material+Icons"" rel=""stylesheet""/><link rel=""stylesheet"" href",
ap93l,https://vsdigital-bookingwidget-prod.azurewebsites.net/widget-business/ap93l,,API,,,,,2025-06-20T13:06:27.624355,"<!doctype html><html lang=""en""><head><meta charset=""utf-8""/><title></title><link rel=""icon"" type=""image/png"" href=""""/><link rel=""preconnect"" href=""https://fonts.googleapis.com""><link rel=""preconnect"" href=""https://fonts.gstatic.com"" crossorigin><link href=""https://fonts.googleapis.com/css2?family=Inter:ital,opsz,wght@0,14..32,100..900;1,14..32,100..900&display=swap"" rel=""stylesheet""><link href=""https://fonts.googleapis.com/icon?family=Material+Icons"" rel=""stylesheet""/><link rel=""stylesheet"" href",
ap12l,https://vsdigital-bookingwidget-prod.azurewebsites.net/widget-business/ap12l,,API,,,,,2025-06-20T13:06:29.106819,"<!doctype html><html lang=""en""><head><meta charset=""utf-8""/><title></title><link rel=""icon"" type=""image/png"" href=""""/><link rel=""preconnect"" href=""https://fonts.googleapis.com""><link rel=""preconnect"" href=""https://fonts.gstatic.com"" crossorigin><link href=""https://fonts.googleapis.com/css2?family=Inter:ital,opsz,wght@0,14..32,100..900;1,14..32,100..900&display=swap"" rel=""stylesheet""><link href=""https://fonts.googleapis.com/icon?family=Material+Icons"" rel=""stylesheet""/><link rel=""stylesheet"" href",
ys92q,https://vsdigital-bookingwidget-prod.azurewebsites.net/widget-business/ys92q,,API,,,,,2025-06-20T13:06:30.822389,"<!doctype html><html lang=""en""><head><meta charset=""utf-8""/><title></title><link rel=""icon"" type=""image/png"" href=""""/><link rel=""preconnect"" href=""https://fonts.googleapis.com""><link rel=""preconnect"" href=""https://fonts.gstatic.com"" crossorigin><link href=""https://fonts.googleapis.com/css2?family=Inter:ital,opsz,wght@0,14..32,100..900;1,14..32,100..900&display=swap"" rel=""stylesheet""><link href=""https://fonts.googleapis.com/icon?family=Material+Icons"" rel=""stylesheet""/><link rel=""stylesheet"" href",
xd36a,https://vsdigital-bookingwidget-prod.azurewebsites.net/widget-business/xd36a,,API,,,,,2025-06-20T13:06:32.996512,"<!doctype html><html lang=""en""><head><meta charset=""utf-8""/><title></title><link rel=""icon"" type=""image/png"" href=""""/><link rel=""preconnect"" href=""https://fonts.googleapis.com""><link rel=""preconnect"" href=""https://fonts.gstatic.com"" crossorigin><link href=""https://fonts.googleapis.com/css2?family=Inter:ital,opsz,wght@0,14..32,100..900;1,14..32,100..900&display=swap"" rel=""stylesheet""><link href=""https://fonts.googleapis.com/icon?family=Material+Icons"" rel=""stylesheet""/><link rel=""stylesheet"" href",
ej48u,https://vsdigital-bookingwidget-prod.azurewebsites.net/widget-business/ej48u,,API,,,,,2025-06-20T13:06:34.295335,"<!doctype html><html lang=""en""><head><meta charset=""utf-8""/><title></title><link rel=""icon"" type=""image/png"" href=""""/><link rel=""preconnect"" href=""https://fonts.googleapis.com""><link rel=""preconnect"" href=""https://fonts.gstatic.com"" crossorigin><link href=""https://fonts.googleapis.com/css2?family=Inter:ital,opsz,wght@0,14..32,100..900;1,14..32,100..900&display=swap"" rel=""stylesheet""><link href=""https://fonts.googleapis.com/icon?family=Material+Icons"" rel=""stylesheet""/><link rel=""stylesheet"" href",
fb37i,https://vsdigital-bookingwidget-prod.azurewebsites.net/widget-business/fb37i,,API,,,,,2025-06-20T13:06:36.080058,"<!doctype html><html lang=""en""><head><meta charset=""utf-8""/><title></title><link rel=""icon"" type=""image/png"" href=""""/><link rel=""preconnect"" href=""https://fonts.googleapis.com""><link rel=""preconnect"" href=""https://fonts.gstatic.com"" crossorigin><link href=""https://fonts.googleapis.com/css2?family=Inter:ital,opsz,wght@0,14..32,100..900;1,14..32,100..900&display=swap"" rel=""stylesheet""><link href=""https://fonts.googleapis.com/icon?family=Material+Icons"" rel=""stylesheet""/><link rel=""stylesheet"" href",
bb49m,https://vsdigital-bookingwidget-prod.azurewebsites.net/widget-business/bb49m,,API,,,,,2025-06-20T13:06:37.794711,"<!doctype html><html lang=""en""><head><meta charset=""utf-8""/><title></title><link rel=""icon"" type=""image/png"" href=""""/><link rel=""preconnect"" href=""https://fonts.googleapis.com""><link rel=""preconnect"" href=""https://fonts.gstatic.com"" crossorigin><link href=""https://fonts.googleapis.com/css2?family=Inter:ital,opsz,wght@0,14..32,100..900;1,14..32,100..900&display=swap"" rel=""stylesheet""><link href=""https://fonts.googleapis.com/icon?family=Material+Icons"" rel=""stylesheet""/><link rel=""stylesheet"" href",
ji39e,https://vsdigital-bookingwidget-prod.azurewebsites.net/widget-business/ji39e,,API,,,,,2025-06-20T13:06:39.219049,"<!doctype html><html lang=""en""><head><meta charset=""utf-8""/><title></title><link rel=""icon"" type=""image/png"" href=""""/><link rel=""preconnect"" href=""https://fonts.googleapis.com""><link rel=""preconnect"" href=""https://fonts.gstatic.com"" crossorigin><link href=""https://fonts.googleapis.com/css2?family=Inter:ital,opsz,wght@0,14..32,100..900;1,14..32,100..900&display=swap"" rel=""stylesheet""><link href=""https://fonts.googleapis.com/icon?family=Material+Icons"" rel=""stylesheet""/><link rel=""stylesheet"" href",
ba29u,https://vsdigital-bookingwidget-prod.azurewebsites.net/widget-business/ba29u,,API,,,,,2025-06-20T13:06:40.624570,"<!doctype html><html lang=""en""><head><meta charset=""utf-8""/><title></title><link rel=""icon"" type=""image/png"" href=""""/><link rel=""preconnect"" href=""https://fonts.googleapis.com""><link rel=""preconnect"" href=""https://fonts.gstatic.com"" crossorigin><link href=""https://fonts.googleapis.com/css2?family=Inter:ital,opsz,wght@0,14..32,100..900;1,14..32,100..900&display=swap"" rel=""stylesheet""><link href=""https://fonts.googleapis.com/icon?family=Material+Icons"" rel=""stylesheet""/><link rel=""stylesheet"" href",
jm09a,https://vsdigital-bookingwidget-prod.azurewebsites.net/widget-business/jm09a,,API,,,,,2025-06-20T13:06:42.222251,"<!doctype html><html lang=""en""><head><meta charset=""utf-8""/><title></title><link rel=""icon"" type=""image/png"" href=""""/><link rel=""preconnect"" href=""https://fonts.googleapis.com""><link rel=""preconnect"" href=""https://fonts.gstatic.com"" crossorigin><link href=""https://fonts.googleapis.com/css2?family=Inter:ital,opsz,wght@0,14..32,100..900;1,14..32,100..900&display=swap"" rel=""stylesheet""><link href=""https://fonts.googleapis.com/icon?family=Material+Icons"" rel=""stylesheet""/><link rel=""stylesheet"" href",
od46y,https://vsdigital-bookingwidget-prod.azurewebsites.net/widget-business/od46y,,API,,,,,2025-06-20T13:06:44.241170,"<!doctype html><html lang=""en""><head><meta charset=""utf-8""/><title></title><link rel=""icon"" type=""image/png"" href=""""/><link rel=""preconnect"" href=""https://fonts.googleapis.com""><link rel=""preconnect"" href=""https://fonts.gstatic.com"" crossorigin><link href=""https://fonts.googleapis.com/css2?family=Inter:ital,opsz,wght@0,14..32,100..900;1,14..32,100..900&display=swap"" rel=""stylesheet""><link href=""https://fonts.googleapis.com/icon?family=Material+Icons"" rel=""stylesheet""/><link rel=""stylesheet"" href",
ao09l,https://vsdigital-bookingwidget-prod.azurewebsites.net/widget-business/ao09l,,API,,,,,2025-06-20T13:06:45.574233,"<!doctype html><html lang=""en""><head><meta charset=""utf-8""/><title></title><link rel=""icon"" type=""image/png"" href=""""/><link rel=""preconnect"" href=""https://fonts.googleapis.com""><link rel=""preconnect"" href=""https://fonts.gstatic.com"" crossorigin><link href=""https://fonts.googleapis.com/css2?family=Inter:ital,opsz,wght@0,14..32,100..900;1,14..32,100..900&display=swap"" rel=""stylesheet""><link href=""https://fonts.googleapis.com/icon?family=Material+Icons"" rel=""stylesheet""/><link rel=""stylesheet"" href",
ph06f,https://vsdigital-bookingwidget-prod.azurewebsites.net/widget-business/ph06f,,API,,,,,2025-06-20T13:06:47.374908,"<!doctype html><html lang=""en""><head><meta charset=""utf-8""/><title></title><link rel=""icon"" type=""image/png"" href=""""/><link rel=""preconnect"" href=""https://fonts.googleapis.com""><link rel=""preconnect"" href=""https://fonts.gstatic.com"" crossorigin><link href=""https://fonts.googleapis.com/css2?family=Inter:ital,opsz,wght@0,14..32,100..900;1,14..32,100..900&display=swap"" rel=""stylesheet""><link href=""https://fonts.googleapis.com/icon?family=Material+Icons"" rel=""stylesheet""/><link rel=""stylesheet"" href",
cm72x,https://vsdigital-bookingwidget-prod.azurewebsites.net/widget-business/cm72x,,API,,,,,2025-06-20T13:06:48.676651,"<!doctype html><html lang=""en""><head><meta charset=""utf-8""/><title></title><link rel=""icon"" type=""image/png"" href=""""/><link rel=""preconnect"" href=""https://fonts.googleapis.com""><link rel=""preconnect"" href=""https://fonts.gstatic.com"" crossorigin><link href=""https://fonts.googleapis.com/css2?family=Inter:ital,opsz,wght@0,14..32,100..900;1,14..32,100..900&display=swap"" rel=""stylesheet""><link href=""https://fonts.googleapis.com/icon?family=Material+Icons"" rel=""stylesheet""/><link rel=""stylesheet"" href",
wb02l,https://vsdigital-bookingwidget-prod.azurewebsites.net/widget-business/wb02l,,API,,,,,2025-06-20T13:06:50.109103,"<!doctype html><html lang=""en""><head><meta charset=""utf-8""/><title></title><link rel=""icon"" type=""image/png"" href=""""/><link rel=""preconnect"" href=""https://fonts.googleapis.com""><link rel=""preconnect"" href=""https://fonts.gstatic.com"" crossorigin><link href=""https://fonts.googleapis.com/css2?family=Inter:ital,opsz,wght@0,14..32,100..900;1,14..32,100..900&display=swap"" rel=""stylesheet""><link href=""https://fonts.googleapis.com/icon?family=Material+Icons"" rel=""stylesheet""/><link rel=""stylesheet"" href",
an32l,https://vsdigital-bookingwidget-prod.azurewebsites.net/widget-business/an32l,,API,,,,,2025-06-20T13:06:51.725475,"<!doctype html><html lang=""en""><head><meta charset=""utf-8""/><title></title><link rel=""icon"" type=""image/png"" href=""""/><link rel=""preconnect"" href=""https://fonts.googleapis.com""><link rel=""preconnect"" href=""https://fonts.gstatic.com"" crossorigin><link href=""https://fonts.googleapis.com/css2?family=Inter:ital,opsz,wght@0,14..32,100..900;1,14..32,100..900&display=swap"" rel=""stylesheet""><link href=""https://fonts.googleapis.com/icon?family=Material+Icons"" rel=""stylesheet""/><link rel=""stylesheet"" href",
ki38l,https://vsdigital-bookingwidget-prod.azurewebsites.net/widget-business/ki38l,,API,,,,,2025-06-20T13:06:53.865253,"<!doctype html><html lang=""en""><head><meta charset=""utf-8""/><title></title><link rel=""icon"" type=""image/png"" href=""""/><link rel=""preconnect"" href=""https://fonts.googleapis.com""><link rel=""preconnect"" href=""https://fonts.gstatic.com"" crossorigin><link href=""https://fonts.googleapis.com/css2?family=Inter:ital,opsz,wght@0,14..32,100..900;1,14..32,100..900&display=swap"" rel=""stylesheet""><link href=""https://fonts.googleapis.com/icon?family=Material+Icons"" rel=""stylesheet""/><link rel=""stylesheet"" href",
li75b,https://vsdigital-bookingwidget-prod.azurewebsites.net/widget-business/li75b,,API,,,,,2025-06-20T13:06:55.393236,"<!doctype html><html lang=""en""><head><meta charset=""utf-8""/><title></title><link rel=""icon"" type=""image/png"" href=""""/><link rel=""preconnect"" href=""https://fonts.googleapis.com""><link rel=""preconnect"" href=""https://fonts.gstatic.com"" crossorigin><link href=""https://fonts.googleapis.com/css2?family=Inter:ital,opsz,wght@0,14..32,100..900;1,14..32,100..900&display=swap"" rel=""stylesheet""><link href=""https://fonts.googleapis.com/icon?family=Material+Icons"" rel=""stylesheet""/><link rel=""stylesheet"" href",
ao30j,https://vsdigital-bookingwidget-prod.azurewebsites.net/widget-business/ao30j,,API,,,,,2025-06-20T13:06:56.688793,"<!doctype html><html lang=""en""><head><meta charset=""utf-8""/><title></title><link rel=""icon"" type=""image/png"" href=""""/><link rel=""preconnect"" href=""https://fonts.googleapis.com""><link rel=""preconnect"" href=""https://fonts.gstatic.com"" crossorigin><link href=""https://fonts.googleapis.com/css2?family=Inter:ital,opsz,wght@0,14..32,100..900;1,14..32,100..900&display=swap"" rel=""stylesheet""><link href=""https://fonts.googleapis.com/icon?family=Material+Icons"" rel=""stylesheet""/><link rel=""stylesheet"" href",
qb22i,https://vsdigital-bookingwidget-prod.azurewebsites.net/widget-business/qb22i,,API,,,,,2025-06-20T13:06:58.824975,"<!doctype html><html lang=""en""><head><meta charset=""utf-8""/><title></title><link rel=""icon"" type=""image/png"" href=""""/><link rel=""preconnect"" href=""https://fonts.googleapis.com""><link rel=""preconnect"" href=""https://fonts.gstatic.com"" crossorigin><link href=""https://fonts.googleapis.com/css2?family=Inter:ital,opsz,wght@0,14..32,100..900;1,14..32,100..900&display=swap"" rel=""stylesheet""><link href=""https://fonts.googleapis.com/icon?family=Material+Icons"" rel=""stylesheet""/><link rel=""stylesheet"" href",
zm10l,https://vsdigital-bookingwidget-prod.azurewebsites.net/widget-business/zm10l,,API,,,,,2025-06-20T13:07:00.989157,"<!doctype html><html lang=""en""><head><meta charset=""utf-8""/><title></title><link rel=""icon"" type=""image/png"" href=""""/><link rel=""preconnect"" href=""https://fonts.googleapis.com""><link rel=""preconnect"" href=""https://fonts.gstatic.com"" crossorigin><link href=""https://fonts.googleapis.com/css2?family=Inter:ital,opsz,wght@0,14..32,100..900;1,14..32,100..900&display=swap"" rel=""stylesheet""><link href=""https://fonts.googleapis.com/icon?family=Material+Icons"" rel=""stylesheet""/><link rel=""stylesheet"" href",
ld19e,https://vsdigital-bookingwidget-prod.azurewebsites.net/widget-business/ld19e,,API,,,,,2025-06-20T13:07:02.435350,"<!doctype html><html lang=""en""><head><meta charset=""utf-8""/><title></title><link rel=""icon"" type=""image/png"" href=""""/><link rel=""preconnect"" href=""https://fonts.googleapis.com""><link rel=""preconnect"" href=""https://fonts.gstatic.com"" crossorigin><link href=""https://fonts.googleapis.com/css2?family=Inter:ital,opsz,wght@0,14..32,100..900;1,14..32,100..900&display=swap"" rel=""stylesheet""><link href=""https://fonts.googleapis.com/icon?family=Material+Icons"" rel=""stylesheet""/><link rel=""stylesheet"" href",
no52l,https://vsdigital-bookingwidget-prod.azurewebsites.net/widget-business/no52l,,API,,,,,2025-06-20T13:07:04.135077,"<!doctype html><html lang=""en""><head><meta charset=""utf-8""/><title></title><link rel=""icon"" type=""image/png"" href=""""/><link rel=""preconnect"" href=""https://fonts.googleapis.com""><link rel=""preconnect"" href=""https://fonts.gstatic.com"" crossorigin><link href=""https://fonts.googleapis.com/css2?family=Inter:ital,opsz,wght@0,14..32,100..900;1,14..32,100..900&display=swap"" rel=""stylesheet""><link href=""https://fonts.googleapis.com/icon?family=Material+Icons"" rel=""stylesheet""/><link rel=""stylesheet"" href",
fu42w,https://vsdigital-bookingwidget-prod.azurewebsites.net/widget-business/fu42w,,API,,,,,2025-06-20T13:07:05.667687,"<!doctype html><html lang=""en""><head><meta charset=""utf-8""/><title></title><link rel=""icon"" type=""image/png"" href=""""/><link rel=""preconnect"" href=""https://fonts.googleapis.com""><link rel=""preconnect"" href=""https://fonts.gstatic.com"" crossorigin><link href=""https://fonts.googleapis.com/css2?family=Inter:ital,opsz,wght@0,14..32,100..900;1,14..32,100..900&display=swap"" rel=""stylesheet""><link href=""https://fonts.googleapis.com/icon?family=Material+Icons"" rel=""stylesheet""/><link rel=""stylesheet"" href",
zs39u,https://vsdigital-bookingwidget-prod.azurewebsites.net/widget-business/zs39u,,API,,,,,2025-06-20T13:07:07.770334,"<!doctype html><html lang=""en""><head><meta charset=""utf-8""/><title></title><link rel=""icon"" type=""image/png"" href=""""/><link rel=""preconnect"" href=""https://fonts.googleapis.com""><link rel=""preconnect"" href=""https://fonts.gstatic.com"" crossorigin><link href=""https://fonts.googleapis.com/css2?family=Inter:ital,opsz,wght@0,14..32,100..900;1,14..32,100..900&display=swap"" rel=""stylesheet""><link href=""https://fonts.googleapis.com/icon?family=Material+Icons"" rel=""stylesheet""/><link rel=""stylesheet"" href",
rn11f,https://vsdigital-bookingwidget-prod.azurewebsites.net/widget-business/rn11f,,API,,,,,2025-06-20T13:07:09.813132,"<!doctype html><html lang=""en""><head><meta charset=""utf-8""/><title></title><link rel=""icon"" type=""image/png"" href=""""/><link rel=""preconnect"" href=""https://fonts.googleapis.com""><link rel=""preconnect"" href=""https://fonts.gstatic.com"" crossorigin><link href=""https://fonts.googleapis.com/css2?family=Inter:ital,opsz,wght@0,14..32,100..900;1,14..32,100..900&display=swap"" rel=""stylesheet""><link href=""https://fonts.googleapis.com/icon?family=Material+Icons"" rel=""stylesheet""/><link rel=""stylesheet"" href",
uv34g,https://vsdigital-bookingwidget-prod.azurewebsites.net/widget-business/uv34g,,API,,,,,2025-06-20T13:07:11.527483,"<!doctype html><html lang=""en""><head><meta charset=""utf-8""/><title></title><link rel=""icon"" type=""image/png"" href=""""/><link rel=""preconnect"" href=""https://fonts.googleapis.com""><link rel=""preconnect"" href=""https://fonts.gstatic.com"" crossorigin><link href=""https://fonts.googleapis.com/css2?family=Inter:ital,opsz,wght@0,14..32,100..900;1,14..32,100..900&display=swap"" rel=""stylesheet""><link href=""https://fonts.googleapis.com/icon?family=Material+Icons"" rel=""stylesheet""/><link rel=""stylesheet"" href",
lm70z,https://vsdigital-bookingwidget-prod.azurewebsites.net/widget-business/lm70z,,API,,,,,2025-06-20T13:07:13.596813,"<!doctype html><html lang=""en""><head><meta charset=""utf-8""/><title></title><link rel=""icon"" type=""image/png"" href=""""/><link rel=""preconnect"" href=""https://fonts.googleapis.com""><link rel=""preconnect"" href=""https://fonts.gstatic.com"" crossorigin><link href=""https://fonts.googleapis.com/css2?family=Inter:ital,opsz,wght@0,14..32,100..900;1,14..32,100..900&display=swap"" rel=""stylesheet""><link href=""https://fonts.googleapis.com/icon?family=Material+Icons"" rel=""stylesheet""/><link rel=""stylesheet"" href",
zx42l,https://vsdigital-bookingwidget-prod.azurewebsites.net/widget-business/zx42l,,API,,,,,2025-06-20T13:07:15.727587,"<!doctype html><html lang=""en""><head><meta charset=""utf-8""/><title></title><link rel=""icon"" type=""image/png"" href=""""/><link rel=""preconnect"" href=""https://fonts.googleapis.com""><link rel=""preconnect"" href=""https://fonts.gstatic.com"" crossorigin><link href=""https://fonts.googleapis.com/css2?family=Inter:ital,opsz,wght@0,14..32,100..900;1,14..32,100..900&display=swap"" rel=""stylesheet""><link href=""https://fonts.googleapis.com/icon?family=Material+Icons"" rel=""stylesheet""/><link rel=""stylesheet"" href",
yh71m,https://vsdigital-bookingwidget-prod.azurewebsites.net/widget-business/yh71m,,API,,,,,2025-06-20T13:07:17.521582,"<!doctype html><html lang=""en""><head><meta charset=""utf-8""/><title></title><link rel=""icon"" type=""image/png"" href=""""/><link rel=""preconnect"" href=""https://fonts.googleapis.com""><link rel=""preconnect"" href=""https://fonts.gstatic.com"" crossorigin><link href=""https://fonts.googleapis.com/css2?family=Inter:ital,opsz,wght@0,14..32,100..900;1,14..32,100..900&display=swap"" rel=""stylesheet""><link href=""https://fonts.googleapis.com/icon?family=Material+Icons"" rel=""stylesheet""/><link rel=""stylesheet"" href",
kp91y,https://vsdigital-bookingwidget-prod.azurewebsites.net/widget-business/kp91y,,API,,,,,2025-06-20T13:07:19.143888,"<!doctype html><html lang=""en""><head><meta charset=""utf-8""/><title></title><link rel=""icon"" type=""image/png"" href=""""/><link rel=""preconnect"" href=""https://fonts.googleapis.com""><link rel=""preconnect"" href=""https://fonts.gstatic.com"" crossorigin><link href=""https://fonts.googleapis.com/css2?family=Inter:ital,opsz,wght@0,14..32,100..900;1,14..32,100..900&display=swap"" rel=""stylesheet""><link href=""https://fonts.googleapis.com/icon?family=Material+Icons"" rel=""stylesheet""/><link rel=""stylesheet"" href",
yr29t,https://vsdigital-bookingwidget-prod.azurewebsites.net/widget-business/yr29t,,API,,,,,2025-06-20T13:07:20.627709,"<!doctype html><html lang=""en""><head><meta charset=""utf-8""/><title></title><link rel=""icon"" type=""image/png"" href=""""/><link rel=""preconnect"" href=""https://fonts.googleapis.com""><link rel=""preconnect"" href=""https://fonts.gstatic.com"" crossorigin><link href=""https://fonts.googleapis.com/css2?family=Inter:ital,opsz,wght@0,14..32,100..900;1,14..32,100..900&display=swap"" rel=""stylesheet""><link href=""https://fonts.googleapis.com/icon?family=Material+Icons"" rel=""stylesheet""/><link rel=""stylesheet"" href",
fi23p,https://vsdigital-bookingwidget-prod.azurewebsites.net/widget-business/fi23p,,API,,,,,2025-06-20T13:07:22.045143,"<!doctype html><html lang=""en""><head><meta charset=""utf-8""/><title></title><link rel=""icon"" type=""image/png"" href=""""/><link rel=""preconnect"" href=""https://fonts.googleapis.com""><link rel=""preconnect"" href=""https://fonts.gstatic.com"" crossorigin><link href=""https://fonts.googleapis.com/css2?family=Inter:ital,opsz,wght@0,14..32,100..900;1,14..32,100..900&display=swap"" rel=""stylesheet""><link href=""https://fonts.googleapis.com/icon?family=Material+Icons"" rel=""stylesheet""/><link rel=""stylesheet"" href",
tj54k,https://vsdigital-bookingwidget-prod.azurewebsites.net/widget-business/tj54k,,API,,,,,2025-06-20T13:07:23.739021,"<!doctype html><html lang=""en""><head><meta charset=""utf-8""/><title></title><link rel=""icon"" type=""image/png"" href=""""/><link rel=""preconnect"" href=""https://fonts.googleapis.com""><link rel=""preconnect"" href=""https://fonts.gstatic.com"" crossorigin><link href=""https://fonts.googleapis.com/css2?family=Inter:ital,opsz,wght@0,14..32,100..900;1,14..32,100..900&display=swap"" rel=""stylesheet""><link href=""https://fonts.googleapis.com/icon?family=Material+Icons"" rel=""stylesheet""/><link rel=""stylesheet"" href",
th24m,https://vsdigital-bookingwidget-prod.azurewebsites.net/widget-business/th24m,,API,,,,,2025-06-20T13:07:25.675683,"<!doctype html><html lang=""en""><head><meta charset=""utf-8""/><title></title><link rel=""icon"" type=""image/png"" href=""""/><link rel=""preconnect"" href=""https://fonts.googleapis.com""><link rel=""preconnect"" href=""https://fonts.gstatic.com"" crossorigin><link href=""https://fonts.googleapis.com/css2?family=Inter:ital,opsz,wght@0,14..32,100..900;1,14..32,100..900&display=swap"" rel=""stylesheet""><link href=""https://fonts.googleapis.com/icon?family=Material+Icons"" rel=""stylesheet""/><link rel=""stylesheet"" href",
au00k,https://vsdigital-bookingwidget-prod.azurewebsites.net/widget-business/au00k,,API,,,,,2025-06-20T13:07:27.167514,"<!doctype html><html lang=""en""><head><meta charset=""utf-8""/><title></title><link rel=""icon"" type=""image/png"" href=""""/><link rel=""preconnect"" href=""https://fonts.googleapis.com""><link rel=""preconnect"" href=""https://fonts.gstatic.com"" crossorigin><link href=""https://fonts.googleapis.com/css2?family=Inter:ital,opsz,wght@0,14..32,100..900;1,14..32,100..900&display=swap"" rel=""stylesheet""><link href=""https://fonts.googleapis.com/icon?family=Material+Icons"" rel=""stylesheet""/><link rel=""stylesheet"" href",
oe22j,https://vsdigital-bookingwidget-prod.azurewebsites.net/widget-business/oe22j,,API,,,,,2025-06-20T13:07:28.716984,"<!doctype html><html lang=""en""><head><meta charset=""utf-8""/><title></title><link rel=""icon"" type=""image/png"" href=""""/><link rel=""preconnect"" href=""https://fonts.googleapis.com""><link rel=""preconnect"" href=""https://fonts.gstatic.com"" crossorigin><link href=""https://fonts.googleapis.com/css2?family=Inter:ital,opsz,wght@0,14..32,100..900;1,14..32,100..900&display=swap"" rel=""stylesheet""><link href=""https://fonts.googleapis.com/icon?family=Material+Icons"" rel=""stylesheet""/><link rel=""stylesheet"" href",
sb22a,https://vsdigital-bookingwidget-prod.azurewebsites.net/widget-business/sb22a,,API,,,,,2025-06-20T13:07:30.808238,"<!doctype html><html lang=""en""><head><meta charset=""utf-8""/><title></title><link rel=""icon"" type=""image/png"" href=""""/><link rel=""preconnect"" href=""https://fonts.googleapis.com""><link rel=""preconnect"" href=""https://fonts.gstatic.com"" crossorigin><link href=""https://fonts.googleapis.com/css2?family=Inter:ital,opsz,wght@0,14..32,100..900;1,14..32,100..900&display=swap"" rel=""stylesheet""><link href=""https://fonts.googleapis.com/icon?family=Material+Icons"" rel=""stylesheet""/><link rel=""stylesheet"" href",
rs90w,https://vsdigital-bookingwidget-prod.azurewebsites.net/widget-business/rs90w,,API,,,,,2025-06-20T13:07:32.672405,"<!doctype html><html lang=""en""><head><meta charset=""utf-8""/><title></title><link rel=""icon"" type=""image/png"" href=""""/><link rel=""preconnect"" href=""https://fonts.googleapis.com""><link rel=""preconnect"" href=""https://fonts.gstatic.com"" crossorigin><link href=""https://fonts.googleapis.com/css2?family=Inter:ital,opsz,wght@0,14..32,100..900;1,14..32,100..900&display=swap"" rel=""stylesheet""><link href=""https://fonts.googleapis.com/icon?family=Material+Icons"" rel=""stylesheet""/><link rel=""stylesheet"" href",
se21u,https://vsdigital-bookingwidget-prod.azurewebsites.net/widget-business/se21u,,API,,,,,2025-06-20T13:07:34.834159,"<!doctype html><html lang=""en""><head><meta charset=""utf-8""/><title></title><link rel=""icon"" type=""image/png"" href=""""/><link rel=""preconnect"" href=""https://fonts.googleapis.com""><link rel=""preconnect"" href=""https://fonts.gstatic.com"" crossorigin><link href=""https://fonts.googleapis.com/css2?family=Inter:ital,opsz,wght@0,14..32,100..900;1,14..32,100..900&display=swap"" rel=""stylesheet""><link href=""https://fonts.googleapis.com/icon?family=Material+Icons"" rel=""stylesheet""/><link rel=""stylesheet"" href",
md23r,https://vsdigital-bookingwidget-prod.azurewebsites.net/widget-business/md23r,,API,,,,,2025-06-20T13:07:36.816919,"<!doctype html><html lang=""en""><head><meta charset=""utf-8""/><title></title><link rel=""icon"" type=""image/png"" href=""""/><link rel=""preconnect"" href=""https://fonts.googleapis.com""><link rel=""preconnect"" href=""https://fonts.gstatic.com"" crossorigin><link href=""https://fonts.googleapis.com/css2?family=Inter:ital,opsz,wght@0,14..32,100..900;1,14..32,100..900&display=swap"" rel=""stylesheet""><link href=""https://fonts.googleapis.com/icon?family=Material+Icons"" rel=""stylesheet""/><link rel=""stylesheet"" href",
wh04f,https://vsdigital-bookingwidget-prod.azurewebsites.net/widget-business/wh04f,,API,,,,,2025-06-20T13:07:38.209292,"<!doctype html><html lang=""en""><head><meta charset=""utf-8""/><title></title><link rel=""icon"" type=""image/png"" href=""""/><link rel=""preconnect"" href=""https://fonts.googleapis.com""><link rel=""preconnect"" href=""https://fonts.gstatic.com"" crossorigin><link href=""https://fonts.googleapis.com/css2?family=Inter:ital,opsz,wght@0,14..32,100..900;1,14..32,100..900&display=swap"" rel=""stylesheet""><link href=""https://fonts.googleapis.com/icon?family=Material+Icons"" rel=""stylesheet""/><link rel=""stylesheet"" href",
bx73l,https://vsdigital-bookingwidget-prod.azurewebsites.net/widget-business/bx73l,,API,,,,,2025-06-20T13:07:39.530118,"<!doctype html><html lang=""en""><head><meta charset=""utf-8""/><title></title><link rel=""icon"" type=""image/png"" href=""""/><link rel=""preconnect"" href=""https://fonts.googleapis.com""><link rel=""preconnect"" href=""https://fonts.gstatic.com"" crossorigin><link href=""https://fonts.googleapis.com/css2?family=Inter:ital,opsz,wght@0,14..32,100..900;1,14..32,100..900&display=swap"" rel=""stylesheet""><link href=""https://fonts.googleapis.com/icon?family=Material+Icons"" rel=""stylesheet""/><link rel=""stylesheet"" href",
bq77s,https://vsdigital-bookingwidget-prod.azurewebsites.net/widget-business/bq77s,,API,,,,,2025-06-20T13:07:41.084415,"<!doctype html><html lang=""en""><head><meta charset=""utf-8""/><title></title><link rel=""icon"" type=""image/png"" href=""""/><link rel=""preconnect"" href=""https://fonts.googleapis.com""><link rel=""preconnect"" href=""https://fonts.gstatic.com"" crossorigin><link href=""https://fonts.googleapis.com/css2?family=Inter:ital,opsz,wght@0,14..32,100..900;1,14..32,100..900&display=swap"" rel=""stylesheet""><link href=""https://fonts.googleapis.com/icon?family=Material+Icons"" rel=""stylesheet""/><link rel=""stylesheet"" href",
ac19z,https://vsdigital-bookingwidget-prod.azurewebsites.net/widget-business/ac19z,,API,,,,,2025-06-20T13:07:42.927832,"<!doctype html><html lang=""en""><head><meta charset=""utf-8""/><title></title><link rel=""icon"" type=""image/png"" href=""""/><link rel=""preconnect"" href=""https://fonts.googleapis.com""><link rel=""preconnect"" href=""https://fonts.gstatic.com"" crossorigin><link href=""https://fonts.googleapis.com/css2?family=Inter:ital,opsz,wght@0,14..32,100..900;1,14..32,100..900&display=swap"" rel=""stylesheet""><link href=""https://fonts.googleapis.com/icon?family=Material+Icons"" rel=""stylesheet""/><link rel=""stylesheet"" href",
qm61l,https://vsdigital-bookingwidget-prod.azurewebsites.net/widget-business/qm61l,,API,,,,,2025-06-20T13:07:44.426571,"<!doctype html><html lang=""en""><head><meta charset=""utf-8""/><title></title><link rel=""icon"" type=""image/png"" href=""""/><link rel=""preconnect"" href=""https://fonts.googleapis.com""><link rel=""preconnect"" href=""https://fonts.gstatic.com"" crossorigin><link href=""https://fonts.googleapis.com/css2?family=Inter:ital,opsz,wght@0,14..32,100..900;1,14..32,100..900&display=swap"" rel=""stylesheet""><link href=""https://fonts.googleapis.com/icon?family=Material+Icons"" rel=""stylesheet""/><link rel=""stylesheet"" href",
oc21f,https://vsdigital-bookingwidget-prod.azurewebsites.net/widget-business/oc21f,,API,,,,,2025-06-20T13:07:46.449556,"<!doctype html><html lang=""en""><head><meta charset=""utf-8""/><title></title><link rel=""icon"" type=""image/png"" href=""""/><link rel=""preconnect"" href=""https://fonts.googleapis.com""><link rel=""preconnect"" href=""https://fonts.gstatic.com"" crossorigin><link href=""https://fonts.googleapis.com/css2?family=Inter:ital,opsz,wght@0,14..32,100..900;1,14..32,100..900&display=swap"" rel=""stylesheet""><link href=""https://fonts.googleapis.com/icon?family=Material+Icons"" rel=""stylesheet""/><link rel=""stylesheet"" href",
zp06q,https://vsdigital-bookingwidget-prod.azurewebsites.net/widget-business/zp06q,,API,,,,,2025-06-20T13:07:48.202773,"<!doctype html><html lang=""en""><head><meta charset=""utf-8""/><title></title><link rel=""icon"" type=""image/png"" href=""""/><link rel=""preconnect"" href=""https://fonts.googleapis.com""><link rel=""preconnect"" href=""https://fonts.gstatic.com"" crossorigin><link href=""https://fonts.googleapis.com/css2?family=Inter:ital,opsz,wght@0,14..32,100..900;1,14..32,100..900&display=swap"" rel=""stylesheet""><link href=""https://fonts.googleapis.com/icon?family=Material+Icons"" rel=""stylesheet""/><link rel=""stylesheet"" href",
bg92b,https://vsdigital-bookingwidget-prod.azurewebsites.net/widget-business/bg92b,,API,,,,,2025-06-20T13:07:49.543188,"<!doctype html><html lang=""en""><head><meta charset=""utf-8""/><title></title><link rel=""icon"" type=""image/png"" href=""""/><link rel=""preconnect"" href=""https://fonts.googleapis.com""><link rel=""preconnect"" href=""https://fonts.gstatic.com"" crossorigin><link href=""https://fonts.googleapis.com/css2?family=Inter:ital,opsz,wght@0,14..32,100..900;1,14..32,100..900&display=swap"" rel=""stylesheet""><link href=""https://fonts.googleapis.com/icon?family=Material+Icons"" rel=""stylesheet""/><link rel=""stylesheet"" href",
pb70u,https://vsdigital-bookingwidget-prod.azurewebsites.net/widget-business/pb70u,,API,,,,,2025-06-20T13:07:51.240389,"<!doctype html><html lang=""en""><head><meta charset=""utf-8""/><title></title><link rel=""icon"" type=""image/png"" href=""""/><link rel=""preconnect"" href=""https://fonts.googleapis.com""><link rel=""preconnect"" href=""https://fonts.gstatic.com"" crossorigin><link href=""https://fonts.googleapis.com/css2?family=Inter:ital,opsz,wght@0,14..32,100..900;1,14..32,100..900&display=swap"" rel=""stylesheet""><link href=""https://fonts.googleapis.com/icon?family=Material+Icons"" rel=""stylesheet""/><link rel=""stylesheet"" href",
mj23y,https://vsdigital-bookingwidget-prod.azurewebsites.net/widget-business/mj23y,,API,,,,,2025-06-20T13:07:53.205883,"<!doctype html><html lang=""en""><head><meta charset=""utf-8""/><title></title><link rel=""icon"" type=""image/png"" href=""""/><link rel=""preconnect"" href=""https://fonts.googleapis.com""><link rel=""preconnect"" href=""https://fonts.gstatic.com"" crossorigin><link href=""https://fonts.googleapis.com/css2?family=Inter:ital,opsz,wght@0,14..32,100..900;1,14..32,100..900&display=swap"" rel=""stylesheet""><link href=""https://fonts.googleapis.com/icon?family=Material+Icons"" rel=""stylesheet""/><link rel=""stylesheet"" href",
ap39b,https://vsdigital-bookingwidget-prod.azurewebsites.net/widget-business/ap39b,,API,,,,,2025-06-20T13:07:54.768668,"<!doctype html><html lang=""en""><head><meta charset=""utf-8""/><title></title><link rel=""icon"" type=""image/png"" href=""""/><link rel=""preconnect"" href=""https://fonts.googleapis.com""><link rel=""preconnect"" href=""https://fonts.gstatic.com"" crossorigin><link href=""https://fonts.googleapis.com/css2?family=Inter:ital,opsz,wght@0,14..32,100..900;1,14..32,100..900&display=swap"" rel=""stylesheet""><link href=""https://fonts.googleapis.com/icon?family=Material+Icons"" rel=""stylesheet""/><link rel=""stylesheet"" href",
lp57s,https://vsdigital-bookingwidget-prod.azurewebsites.net/widget-business/lp57s,,API,,,,,2025-06-20T13:07:56.193956,"<!doctype html><html lang=""en""><head><meta charset=""utf-8""/><title></title><link rel=""icon"" type=""image/png"" href=""""/><link rel=""preconnect"" href=""https://fonts.googleapis.com""><link rel=""preconnect"" href=""https://fonts.gstatic.com"" crossorigin><link href=""https://fonts.googleapis.com/css2?family=Inter:ital,opsz,wght@0,14..32,100..900;1,14..32,100..900&display=swap"" rel=""stylesheet""><link href=""https://fonts.googleapis.com/icon?family=Material+Icons"" rel=""stylesheet""/><link rel=""stylesheet"" href",
zh29s,https://vsdigital-bookingwidget-prod.azurewebsites.net/widget-business/zh29s,,API,,,,,2025-06-20T13:07:58.389414,"<!doctype html><html lang=""en""><head><meta charset=""utf-8""/><title></title><link rel=""icon"" type=""image/png"" href=""""/><link rel=""preconnect"" href=""https://fonts.googleapis.com""><link rel=""preconnect"" href=""https://fonts.gstatic.com"" crossorigin><link href=""https://fonts.googleapis.com/css2?family=Inter:ital,opsz,wght@0,14..32,100..900;1,14..32,100..900&display=swap"" rel=""stylesheet""><link href=""https://fonts.googleapis.com/icon?family=Material+Icons"" rel=""stylesheet""/><link rel=""stylesheet"" href",
tb54h,https://vsdigital-bookingwidget-prod.azurewebsites.net/widget-business/tb54h,,API,,,,,2025-06-20T13:08:00.386504,"<!doctype html><html lang=""en""><head><meta charset=""utf-8""/><title></title><link rel=""icon"" type=""image/png"" href=""""/><link rel=""preconnect"" href=""https://fonts.googleapis.com""><link rel=""preconnect"" href=""https://fonts.gstatic.com"" crossorigin><link href=""https://fonts.googleapis.com/css2?family=Inter:ital,opsz,wght@0,14..32,100..900;1,14..32,100..900&display=swap"" rel=""stylesheet""><link href=""https://fonts.googleapis.com/icon?family=Material+Icons"" rel=""stylesheet""/><link rel=""stylesheet"" href",
yh47e,https://vsdigital-bookingwidget-prod.azurewebsites.net/widget-business/yh47e,,API,,,,,2025-06-20T13:08:02.092632,"<!doctype html><html lang=""en""><head><meta charset=""utf-8""/><title></title><link rel=""icon"" type=""image/png"" href=""""/><link rel=""preconnect"" href=""https://fonts.googleapis.com""><link rel=""preconnect"" href=""https://fonts.gstatic.com"" crossorigin><link href=""https://fonts.googleapis.com/css2?family=Inter:ital,opsz,wght@0,14..32,100..900;1,14..32,100..900&display=swap"" rel=""stylesheet""><link href=""https://fonts.googleapis.com/icon?family=Material+Icons"" rel=""stylesheet""/><link rel=""stylesheet"" href",
mu39k,https://vsdigital-bookingwidget-prod.azurewebsites.net/widget-business/mu39k,,API,,,,,2025-06-20T13:08:03.605651,"<!doctype html><html lang=""en""><head><meta charset=""utf-8""/><title></title><link rel=""icon"" type=""image/png"" href=""""/><link rel=""preconnect"" href=""https://fonts.googleapis.com""><link rel=""preconnect"" href=""https://fonts.gstatic.com"" crossorigin><link href=""https://fonts.googleapis.com/css2?family=Inter:ital,opsz,wght@0,14..32,100..900;1,14..32,100..900&display=swap"" rel=""stylesheet""><link href=""https://fonts.googleapis.com/icon?family=Material+Icons"" rel=""stylesheet""/><link rel=""stylesheet"" href",
sh25y,https://vsdigital-bookingwidget-prod.azurewebsites.net/widget-business/sh25y,,API,,,,,2025-06-20T13:08:05.757874,"<!doctype html><html lang=""en""><head><meta charset=""utf-8""/><title></title><link rel=""icon"" type=""image/png"" href=""""/><link rel=""preconnect"" href=""https://fonts.googleapis.com""><link rel=""preconnect"" href=""https://fonts.gstatic.com"" crossorigin><link href=""https://fonts.googleapis.com/css2?family=Inter:ital,opsz,wght@0,14..32,100..900;1,14..32,100..900&display=swap"" rel=""stylesheet""><link href=""https://fonts.googleapis.com/icon?family=Material+Icons"" rel=""stylesheet""/><link rel=""stylesheet"" href",
mm31o,https://vsdigital-bookingwidget-prod.azurewebsites.net/widget-business/mm31o,,API,,,,,2025-06-20T13:08:07.179547,"<!doctype html><html lang=""en""><head><meta charset=""utf-8""/><title></title><link rel=""icon"" type=""image/png"" href=""""/><link rel=""preconnect"" href=""https://fonts.googleapis.com""><link rel=""preconnect"" href=""https://fonts.gstatic.com"" crossorigin><link href=""https://fonts.googleapis.com/css2?family=Inter:ital,opsz,wght@0,14..32,100..900;1,14..32,100..900&display=swap"" rel=""stylesheet""><link href=""https://fonts.googleapis.com/icon?family=Material+Icons"" rel=""stylesheet""/><link rel=""stylesheet"" href",
