slug,slug_number,original_url,final_url,page_title,business_name,business_type,location_info,contact_info,services,specializations,business_description,operating_hours,pricing_info,redirect_info,widget_business_slug,page_structure,meta_data,business_indicators,error_indicators,content_quality,social_media,images_count,load_time,content_length,collected_at,error_type,error_message
MTAwMA==,1000,https://vsdigital-bookingwidget-prod.azurewebsites.net/b/MTAwMA==,https://vsdigital-bookingwidget-prod.azurewebsites.net/b/MTAwMA==,,,IV Therapy/Wellness,"['71689', '63672', '67264', '73939', '21474', '54410', '43550', '03836', '70974', '51254']","{'phones': ['2147483647'], 'websites': ['https://cdn.logr-ingest.com/logger', 'https://polyfill.io/v3/polyfill.min.js?features=es2017%2Cdefault%2Ces2015%2Ces2016%2CIntl', 'https://jsd-widget.atlassian.com', 'https://jsd-widget.atlassian.com/assets/embed.js', 'https://wsrv.nl/?url=&amp']}",,,,,,No redirect,,"{'has_forms': True, 'has_booking': False, 'has_services': False, 'has_pricing': False, 'has_contact': False, 'has_location': False, 'script_count': 6, 'style_count': 11, 'image_count': 0, 'link_count': 0}","{'viewport': 'width=device-width,initial-scale=1,shrink-to-fit=no,maximum-scale=1,user-scalable=no'}",0,2,Low,,0,3.0,33671,2025-06-24T22:36:51.415515,,
MTAwMQ==,1001,https://vsdigital-bookingwidget-prod.azurewebsites.net/b/MTAwMQ==,https://vsdigital-bookingwidget-prod.azurewebsites.net/b/MTAwMQ==,,,IV Therapy/Wellness,"['71689', '63672', '67264', '73939', '21474', '54410', '43550', '03836', '70974', '51254']","{'phones': ['2147483647'], 'websites': ['https://cdn.logr-ingest.com/logger', 'https://polyfill.io/v3/polyfill.min.js?features=es2017%2Cdefault%2Ces2015%2Ces2016%2CIntl', 'https://jsd-widget.atlassian.com', 'https://jsd-widget.atlassian.com/assets/embed.js', 'https://wsrv.nl/?url=&amp']}",,,,,,No redirect,,"{'has_forms': True, 'has_booking': False, 'has_services': False, 'has_pricing': False, 'has_contact': False, 'has_location': False, 'script_count': 6, 'style_count': 11, 'image_count': 0, 'link_count': 0}","{'viewport': 'width=device-width,initial-scale=1,shrink-to-fit=no,maximum-scale=1,user-scalable=no'}",0,2,Low,,0,5.09,33649,2025-06-24T22:36:56.731783,,
MTAwMg==,1002,https://vsdigital-bookingwidget-prod.azurewebsites.net/b/MTAwMg==,https://vsdigital-bookingwidget-prod.azurewebsites.net/b/MTAwMg==,,,IV Therapy/Wellness,"['71689', '63672', '67264', '73939', '21474', '54410', '43550', '03836', '70974', '51254']","{'phones': ['2147483647'], 'websites': ['https://cdn.logr-ingest.com/logger', 'https://polyfill.io/v3/polyfill.min.js?features=es2017%2Cdefault%2Ces2015%2Ces2016%2CIntl', 'https://jsd-widget.atlassian.com', 'https://jsd-widget.atlassian.com/assets/embed.js', 'https://wsrv.nl/?url=&amp']}",,,,,,No redirect,,"{'has_forms': True, 'has_booking': False, 'has_services': False, 'has_pricing': False, 'has_contact': False, 'has_location': False, 'script_count': 6, 'style_count': 11, 'image_count': 0, 'link_count': 0}","{'viewport': 'width=device-width,initial-scale=1,shrink-to-fit=no,maximum-scale=1,user-scalable=no'}",0,2,Low,,0,1.2,33649,2025-06-24T22:36:58.152042,,
MTAwMw==,1003,https://vsdigital-bookingwidget-prod.azurewebsites.net/b/MTAwMw==,https://vsdigital-bookingwidget-prod.azurewebsites.net/b/MTAwMw==,,,IV Therapy/Wellness,"['71689', '63672', '67264', '73939', '21474', '54410', '43550', '03836', '70974', '51254']","{'phones': ['2147483647'], 'websites': ['https://cdn.logr-ingest.com/logger', 'https://polyfill.io/v3/polyfill.min.js?features=es2017%2Cdefault%2Ces2015%2Ces2016%2CIntl', 'https://jsd-widget.atlassian.com', 'https://jsd-widget.atlassian.com/assets/embed.js', 'https://wsrv.nl/?url=&amp']}",,,,,,No redirect,,"{'has_forms': True, 'has_booking': False, 'has_services': False, 'has_pricing': False, 'has_contact': False, 'has_location': False, 'script_count': 6, 'style_count': 11, 'image_count': 0, 'link_count': 0}","{'viewport': 'width=device-width,initial-scale=1,shrink-to-fit=no,maximum-scale=1,user-scalable=no'}",0,2,Low,,0,8.58,33649,2025-06-24T22:37:06.954777,,
MTAwNA==,1004,https://vsdigital-bookingwidget-prod.azurewebsites.net/b/MTAwNA==,https://vsdigital-bookingwidget-prod.azurewebsites.net/b/MTAwNA==,,,IV Therapy/Wellness,"['71689', '63672', '67264', '73939', '21474', '54410', '43550', '03836', '70974', '51254']","{'phones': ['2147483647'], 'websites': ['https://cdn.logr-ingest.com/logger', 'https://polyfill.io/v3/polyfill.min.js?features=es2017%2Cdefault%2Ces2015%2Ces2016%2CIntl', 'https://jsd-widget.atlassian.com', 'https://jsd-widget.atlassian.com/assets/embed.js', 'https://wsrv.nl/?url=&amp']}",,,,,,No redirect,,"{'has_forms': True, 'has_booking': False, 'has_services': False, 'has_pricing': False, 'has_contact': False, 'has_location': False, 'script_count': 6, 'style_count': 11, 'image_count': 0, 'link_count': 0}","{'viewport': 'width=device-width,initial-scale=1,shrink-to-fit=no,maximum-scale=1,user-scalable=no'}",0,2,Low,,0,1.04,33649,2025-06-24T22:37:08.216097,,
MTAwNQ==,1005,https://vsdigital-bookingwidget-prod.azurewebsites.net/b/MTAwNQ==,https://vsdigital-bookingwidget-prod.azurewebsites.net/b/MTAwNQ==,,,IV Therapy/Wellness,"['71689', '63672', '67264', '73939', '21474', '54410', '43550', '03836', '70974', '51254']","{'phones': ['2147483647'], 'websites': ['https://cdn.logr-ingest.com/logger', 'https://polyfill.io/v3/polyfill.min.js?features=es2017%2Cdefault%2Ces2015%2Ces2016%2CIntl', 'https://jsd-widget.atlassian.com', 'https://jsd-widget.atlassian.com/assets/embed.js', 'https://wsrv.nl/?url=&amp']}",,,,,,No redirect,,"{'has_forms': True, 'has_booking': False, 'has_services': False, 'has_pricing': False, 'has_contact': False, 'has_location': False, 'script_count': 6, 'style_count': 11, 'image_count': 0, 'link_count': 0}","{'viewport': 'width=device-width,initial-scale=1,shrink-to-fit=no,maximum-scale=1,user-scalable=no'}",0,2,Low,,0,1.26,33649,2025-06-24T22:37:09.703931,,
MTAwNg==,1006,https://vsdigital-bookingwidget-prod.azurewebsites.net/b/MTAwNg==,https://vsdigital-bookingwidget-prod.azurewebsites.net/b/MTAwNg==,,,IV Therapy/Wellness,"['71689', '63672', '67264', '73939', '21474', '54410', '43550', '03836', '70974', '51254']","{'phones': ['2147483647'], 'websites': ['https://cdn.logr-ingest.com/logger', 'https://polyfill.io/v3/polyfill.min.js?features=es2017%2Cdefault%2Ces2015%2Ces2016%2CIntl', 'https://jsd-widget.atlassian.com', 'https://jsd-widget.atlassian.com/assets/embed.js', 'https://wsrv.nl/?url=&amp']}",,,,,,No redirect,,"{'has_forms': True, 'has_booking': False, 'has_services': False, 'has_pricing': False, 'has_contact': False, 'has_location': False, 'script_count': 6, 'style_count': 11, 'image_count': 0, 'link_count': 0}","{'viewport': 'width=device-width,initial-scale=1,shrink-to-fit=no,maximum-scale=1,user-scalable=no'}",0,2,Low,,0,3.34,33649,2025-06-24T22:37:13.262596,,
MTAwNw==,1007,https://vsdigital-bookingwidget-prod.azurewebsites.net/b/MTAwNw==,https://vsdigital-bookingwidget-prod.azurewebsites.net/b/MTAwNw==,,,IV Therapy/Wellness,"['71689', '63672', '67264', '73939', '21474', '54410', '43550', '03836', '70974', '51254']","{'phones': ['2147483647'], 'websites': ['https://cdn.logr-ingest.com/logger', 'https://polyfill.io/v3/polyfill.min.js?features=es2017%2Cdefault%2Ces2015%2Ces2016%2CIntl', 'https://jsd-widget.atlassian.com', 'https://jsd-widget.atlassian.com/assets/embed.js', 'https://wsrv.nl/?url=&amp']}",,,,,,No redirect,,"{'has_forms': True, 'has_booking': False, 'has_services': False, 'has_pricing': False, 'has_contact': False, 'has_location': False, 'script_count': 6, 'style_count': 11, 'image_count': 0, 'link_count': 0}","{'viewport': 'width=device-width,initial-scale=1,shrink-to-fit=no,maximum-scale=1,user-scalable=no'}",0,2,Low,,0,0.85,33649,2025-06-24T22:37:14.331822,,
MTAwOA==,1008,https://vsdigital-bookingwidget-prod.azurewebsites.net/b/MTAwOA==,https://vsdigital-bookingwidget-prod.azurewebsites.net/b/MTAwOA==,,,IV Therapy/Wellness,"['71689', '63672', '67264', '73939', '21474', '54410', '43550', '03836', '70974', '51254']","{'phones': ['2147483647'], 'websites': ['https://cdn.logr-ingest.com/logger', 'https://polyfill.io/v3/polyfill.min.js?features=es2017%2Cdefault%2Ces2015%2Ces2016%2CIntl', 'https://jsd-widget.atlassian.com', 'https://jsd-widget.atlassian.com/assets/embed.js', 'https://wsrv.nl/?url=&amp']}",,,,,,No redirect,,"{'has_forms': True, 'has_booking': False, 'has_services': False, 'has_pricing': False, 'has_contact': False, 'has_location': False, 'script_count': 6, 'style_count': 11, 'image_count': 0, 'link_count': 0}","{'viewport': 'width=device-width,initial-scale=1,shrink-to-fit=no,maximum-scale=1,user-scalable=no'}",0,2,Low,,0,3.02,33649,2025-06-24T22:37:17.576316,,
MTAwOQ==,1009,https://vsdigital-bookingwidget-prod.azurewebsites.net/b/MTAwOQ==,https://vsdigital-bookingwidget-prod.azurewebsites.net/b/MTAwOQ==,,,IV Therapy/Wellness,"['71689', '63672', '67264', '73939', '21474', '54410', '43550', '03836', '70974', '51254']","{'phones': ['2147483647'], 'websites': ['https://cdn.logr-ingest.com/logger', 'https://polyfill.io/v3/polyfill.min.js?features=es2017%2Cdefault%2Ces2015%2Ces2016%2CIntl', 'https://jsd-widget.atlassian.com', 'https://jsd-widget.atlassian.com/assets/embed.js', 'https://wsrv.nl/?url=&amp']}",,,,,,No redirect,,"{'has_forms': True, 'has_booking': False, 'has_services': False, 'has_pricing': False, 'has_contact': False, 'has_location': False, 'script_count': 6, 'style_count': 11, 'image_count': 0, 'link_count': 0}","{'viewport': 'width=device-width,initial-scale=1,shrink-to-fit=no,maximum-scale=1,user-scalable=no'}",0,2,Low,,0,0.85,33649,2025-06-24T22:37:18.648105,,
MTAxMA==,1010,https://vsdigital-bookingwidget-prod.azurewebsites.net/b/MTAxMA==,https://vsdigital-bookingwidget-prod.azurewebsites.net/b/MTAxMA==,,,IV Therapy/Wellness,"['71689', '63672', '67264', '73939', '21474', '54410', '43550', '03836', '70974', '51254']","{'phones': ['2147483647'], 'websites': ['https://cdn.logr-ingest.com/logger', 'https://polyfill.io/v3/polyfill.min.js?features=es2017%2Cdefault%2Ces2015%2Ces2016%2CIntl', 'https://jsd-widget.atlassian.com', 'https://jsd-widget.atlassian.com/assets/embed.js', 'https://wsrv.nl/?url=&amp']}",,,,,,No redirect,,"{'has_forms': True, 'has_booking': False, 'has_services': False, 'has_pricing': False, 'has_contact': False, 'has_location': False, 'script_count': 6, 'style_count': 11, 'image_count': 0, 'link_count': 0}","{'viewport': 'width=device-width,initial-scale=1,shrink-to-fit=no,maximum-scale=1,user-scalable=no'}",0,2,Low,,0,1.05,33649,2025-06-24T22:37:19.916860,,
MTAxMQ==,1011,https://vsdigital-bookingwidget-prod.azurewebsites.net/b/MTAxMQ==,https://vsdigital-bookingwidget-prod.azurewebsites.net/b/MTAxMQ==,,,IV Therapy/Wellness,"['71689', '63672', '67264', '73939', '21474', '54410', '43550', '03836', '70974', '51254']","{'phones': ['2147483647'], 'websites': ['https://cdn.logr-ingest.com/logger', 'https://polyfill.io/v3/polyfill.min.js?features=es2017%2Cdefault%2Ces2015%2Ces2016%2CIntl', 'https://jsd-widget.atlassian.com', 'https://jsd-widget.atlassian.com/assets/embed.js', 'https://wsrv.nl/?url=&amp']}",,,,,,No redirect,,"{'has_forms': True, 'has_booking': False, 'has_services': False, 'has_pricing': False, 'has_contact': False, 'has_location': False, 'script_count': 6, 'style_count': 11, 'image_count': 0, 'link_count': 0}","{'viewport': 'width=device-width,initial-scale=1,shrink-to-fit=no,maximum-scale=1,user-scalable=no'}",0,2,Low,,0,3.18,33649,2025-06-24T22:37:23.322365,,
MTAxMg==,1012,https://vsdigital-bookingwidget-prod.azurewebsites.net/b/MTAxMg==,https://vsdigital-bookingwidget-prod.azurewebsites.net/b/MTAxMg==,,,IV Therapy/Wellness,"['71689', '63672', '67264', '73939', '21474', '54410', '43550', '03836', '70974', '51254']","{'phones': ['2147483647'], 'websites': ['https://cdn.logr-ingest.com/logger', 'https://polyfill.io/v3/polyfill.min.js?features=es2017%2Cdefault%2Ces2015%2Ces2016%2CIntl', 'https://jsd-widget.atlassian.com', 'https://jsd-widget.atlassian.com/assets/embed.js', 'https://wsrv.nl/?url=&amp']}",,,,,,No redirect,,"{'has_forms': True, 'has_booking': False, 'has_services': False, 'has_pricing': False, 'has_contact': False, 'has_location': False, 'script_count': 6, 'style_count': 11, 'image_count': 0, 'link_count': 0}","{'viewport': 'width=device-width,initial-scale=1,shrink-to-fit=no,maximum-scale=1,user-scalable=no'}",0,2,Low,,0,1.22,33649,2025-06-24T22:37:24.771300,,
MTAxMw==,1013,https://vsdigital-bookingwidget-prod.azurewebsites.net/b/MTAxMw==,https://vsdigital-bookingwidget-prod.azurewebsites.net/b/MTAxMw==,,,IV Therapy/Wellness,"['71689', '63672', '67264', '73939', '21474', '54410', '43550', '03836', '70974', '51254']","{'phones': ['2147483647'], 'websites': ['https://cdn.logr-ingest.com/logger', 'https://polyfill.io/v3/polyfill.min.js?features=es2017%2Cdefault%2Ces2015%2Ces2016%2CIntl', 'https://jsd-widget.atlassian.com', 'https://jsd-widget.atlassian.com/assets/embed.js', 'https://wsrv.nl/?url=&amp']}",,,,,,No redirect,,"{'has_forms': True, 'has_booking': False, 'has_services': False, 'has_pricing': False, 'has_contact': False, 'has_location': False, 'script_count': 6, 'style_count': 11, 'image_count': 0, 'link_count': 0}","{'viewport': 'width=device-width,initial-scale=1,shrink-to-fit=no,maximum-scale=1,user-scalable=no'}",0,2,Low,,0,11.43,33671,2025-06-24T22:37:36.426116,,
MTAxNA==,1014,https://vsdigital-bookingwidget-prod.azurewebsites.net/b/MTAxNA==,https://vsdigital-bookingwidget-prod.azurewebsites.net/b/MTAxNA==,,,IV Therapy/Wellness,"['71689', '63672', '67264', '73939', '21474', '54410', '43550', '03836', '70974', '51254']","{'phones': ['2147483647'], 'websites': ['https://cdn.logr-ingest.com/logger', 'https://polyfill.io/v3/polyfill.min.js?features=es2017%2Cdefault%2Ces2015%2Ces2016%2CIntl', 'https://jsd-widget.atlassian.com', 'https://jsd-widget.atlassian.com/assets/embed.js', 'https://wsrv.nl/?url=&amp']}",,,,,,No redirect,,"{'has_forms': True, 'has_booking': False, 'has_services': False, 'has_pricing': False, 'has_contact': False, 'has_location': False, 'script_count': 6, 'style_count': 11, 'image_count': 0, 'link_count': 0}","{'viewport': 'width=device-width,initial-scale=1,shrink-to-fit=no,maximum-scale=1,user-scalable=no'}",0,2,Low,,0,1.05,33649,2025-06-24T22:37:37.693259,,
MTAxNQ==,1015,https://vsdigital-bookingwidget-prod.azurewebsites.net/b/MTAxNQ==,https://vsdigital-bookingwidget-prod.azurewebsites.net/b/MTAxNQ==,,,IV Therapy/Wellness,"['71689', '63672', '67264', '73939', '21474', '54410', '43550', '03836', '70974', '51254']","{'phones': ['2147483647'], 'websites': ['https://cdn.logr-ingest.com/logger', 'https://polyfill.io/v3/polyfill.min.js?features=es2017%2Cdefault%2Ces2015%2Ces2016%2CIntl', 'https://jsd-widget.atlassian.com', 'https://jsd-widget.atlassian.com/assets/embed.js', 'https://wsrv.nl/?url=&amp']}",,,,,,No redirect,,"{'has_forms': True, 'has_booking': False, 'has_services': False, 'has_pricing': False, 'has_contact': False, 'has_location': False, 'script_count': 6, 'style_count': 11, 'image_count': 0, 'link_count': 0}","{'viewport': 'width=device-width,initial-scale=1,shrink-to-fit=no,maximum-scale=1,user-scalable=no'}",0,2,Low,,0,1.38,33649,2025-06-24T22:37:39.293425,,
MTAxNg==,1016,https://vsdigital-bookingwidget-prod.azurewebsites.net/b/MTAxNg==,https://vsdigital-bookingwidget-prod.azurewebsites.net/b/MTAxNg==,,,IV Therapy/Wellness,"['71689', '63672', '67264', '73939', '21474', '54410', '43550', '03836', '70974', '51254']","{'phones': ['2147483647'], 'websites': ['https://cdn.logr-ingest.com/logger', 'https://polyfill.io/v3/polyfill.min.js?features=es2017%2Cdefault%2Ces2015%2Ces2016%2CIntl', 'https://jsd-widget.atlassian.com', 'https://jsd-widget.atlassian.com/assets/embed.js', 'https://wsrv.nl/?url=&amp']}",,,,,,No redirect,,"{'has_forms': True, 'has_booking': False, 'has_services': False, 'has_pricing': False, 'has_contact': False, 'has_location': False, 'script_count': 6, 'style_count': 11, 'image_count': 0, 'link_count': 0}","{'viewport': 'width=device-width,initial-scale=1,shrink-to-fit=no,maximum-scale=1,user-scalable=no'}",0,2,Low,,0,10.97,33671,2025-06-24T22:37:50.479699,,
MTAxNw==,1017,https://vsdigital-bookingwidget-prod.azurewebsites.net/b/MTAxNw==,https://vsdigital-bookingwidget-prod.azurewebsites.net/b/MTAxNw==,,,IV Therapy/Wellness,"['71689', '63672', '67264', '73939', '21474', '54410', '43550', '03836', '70974', '51254']","{'phones': ['2147483647'], 'websites': ['https://cdn.logr-ingest.com/logger', 'https://polyfill.io/v3/polyfill.min.js?features=es2017%2Cdefault%2Ces2015%2Ces2016%2CIntl', 'https://jsd-widget.atlassian.com', 'https://jsd-widget.atlassian.com/assets/embed.js', 'https://wsrv.nl/?url=&amp']}",,,,,,No redirect,,"{'has_forms': True, 'has_booking': False, 'has_services': False, 'has_pricing': False, 'has_contact': False, 'has_location': False, 'script_count': 6, 'style_count': 11, 'image_count': 0, 'link_count': 0}","{'viewport': 'width=device-width,initial-scale=1,shrink-to-fit=no,maximum-scale=1,user-scalable=no'}",0,2,Low,,0,0.92,33649,2025-06-24T22:37:51.619488,,
MTAxOA==,1018,https://vsdigital-bookingwidget-prod.azurewebsites.net/b/MTAxOA==,https://vsdigital-bookingwidget-prod.azurewebsites.net/b/MTAxOA==,,,IV Therapy/Wellness,"['71689', '63672', '67264', '73939', '21474', '54410', '43550', '03836', '70974', '51254']","{'phones': ['2147483647'], 'websites': ['https://cdn.logr-ingest.com/logger', 'https://polyfill.io/v3/polyfill.min.js?features=es2017%2Cdefault%2Ces2015%2Ces2016%2CIntl', 'https://jsd-widget.atlassian.com', 'https://jsd-widget.atlassian.com/assets/embed.js', 'https://wsrv.nl/?url=&amp']}",,,,,,No redirect,,"{'has_forms': True, 'has_booking': False, 'has_services': False, 'has_pricing': False, 'has_contact': False, 'has_location': False, 'script_count': 6, 'style_count': 11, 'image_count': 0, 'link_count': 0}","{'viewport': 'width=device-width,initial-scale=1,shrink-to-fit=no,maximum-scale=1,user-scalable=no'}",0,2,Low,,0,11.42,33649,2025-06-24T22:38:03.253886,,
MTAxOQ==,1019,https://vsdigital-bookingwidget-prod.azurewebsites.net/b/MTAxOQ==,https://vsdigital-bookingwidget-prod.azurewebsites.net/b/MTAxOQ==,,,IV Therapy/Wellness,"['71689', '63672', '67264', '73939', '21474', '54410', '43550', '03836', '70974', '51254']","{'phones': ['2147483647'], 'websites': ['https://cdn.logr-ingest.com/logger', 'https://polyfill.io/v3/polyfill.min.js?features=es2017%2Cdefault%2Ces2015%2Ces2016%2CIntl', 'https://jsd-widget.atlassian.com', 'https://jsd-widget.atlassian.com/assets/embed.js', 'https://wsrv.nl/?url=&amp']}",,,,,,No redirect,,"{'has_forms': True, 'has_booking': False, 'has_services': False, 'has_pricing': False, 'has_contact': False, 'has_location': False, 'script_count': 6, 'style_count': 11, 'image_count': 0, 'link_count': 0}","{'viewport': 'width=device-width,initial-scale=1,shrink-to-fit=no,maximum-scale=1,user-scalable=no'}",0,2,Low,,0,1.07,33649,2025-06-24T22:38:04.547903,,
MTAyMA==,1020,https://vsdigital-bookingwidget-prod.azurewebsites.net/b/MTAyMA==,https://vsdigital-bookingwidget-prod.azurewebsites.net/b/MTAyMA==,,,IV Therapy/Wellness,"['71689', '63672', '67264', '73939', '21474', '54410', '43550', '03836', '70974', '51254']","{'phones': ['2147483647'], 'websites': ['https://cdn.logr-ingest.com/logger', 'https://polyfill.io/v3/polyfill.min.js?features=es2017%2Cdefault%2Ces2015%2Ces2016%2CIntl', 'https://jsd-widget.atlassian.com', 'https://jsd-widget.atlassian.com/assets/embed.js', 'https://wsrv.nl/?url=&amp']}",,,,,,No redirect,,"{'has_forms': True, 'has_booking': False, 'has_services': False, 'has_pricing': False, 'has_contact': False, 'has_location': False, 'script_count': 6, 'style_count': 11, 'image_count': 0, 'link_count': 0}","{'viewport': 'width=device-width,initial-scale=1,shrink-to-fit=no,maximum-scale=1,user-scalable=no'}",0,2,Low,,0,1.03,33649,2025-06-24T22:38:05.809833,,
MTAyMQ==,1021,https://vsdigital-bookingwidget-prod.azurewebsites.net/b/MTAyMQ==,https://vsdigital-bookingwidget-prod.azurewebsites.net/b/MTAyMQ==,,,IV Therapy/Wellness,"['71689', '63672', '67264', '73939', '21474', '54410', '43550', '03836', '70974', '51254']","{'phones': ['2147483647'], 'websites': ['https://cdn.logr-ingest.com/logger', 'https://polyfill.io/v3/polyfill.min.js?features=es2017%2Cdefault%2Ces2015%2Ces2016%2CIntl', 'https://jsd-widget.atlassian.com', 'https://jsd-widget.atlassian.com/assets/embed.js', 'https://wsrv.nl/?url=&amp']}",,,,,,No redirect,,"{'has_forms': True, 'has_booking': False, 'has_services': False, 'has_pricing': False, 'has_contact': False, 'has_location': False, 'script_count': 6, 'style_count': 11, 'image_count': 0, 'link_count': 0}","{'viewport': 'width=device-width,initial-scale=1,shrink-to-fit=no,maximum-scale=1,user-scalable=no'}",0,2,Low,,0,3.37,33649,2025-06-24T22:38:09.397329,,
MTAyMg==,1022,https://vsdigital-bookingwidget-prod.azurewebsites.net/b/MTAyMg==,https://vsdigital-bookingwidget-prod.azurewebsites.net/b/MTAyMg==,,,IV Therapy/Wellness,"['71689', '63672', '67264', '73939', '21474', '54410', '43550', '03836', '70974', '51254']","{'phones': ['2147483647'], 'websites': ['https://cdn.logr-ingest.com/logger', 'https://polyfill.io/v3/polyfill.min.js?features=es2017%2Cdefault%2Ces2015%2Ces2016%2CIntl', 'https://jsd-widget.atlassian.com', 'https://jsd-widget.atlassian.com/assets/embed.js', 'https://wsrv.nl/?url=&amp']}",,,,,,No redirect,,"{'has_forms': True, 'has_booking': False, 'has_services': False, 'has_pricing': False, 'has_contact': False, 'has_location': False, 'script_count': 6, 'style_count': 11, 'image_count': 0, 'link_count': 0}","{'viewport': 'width=device-width,initial-scale=1,shrink-to-fit=no,maximum-scale=1,user-scalable=no'}",0,2,Low,,0,1.0,33649,2025-06-24T22:38:10.613967,,
MTAyMw==,1023,https://vsdigital-bookingwidget-prod.azurewebsites.net/b/MTAyMw==,https://vsdigital-bookingwidget-prod.azurewebsites.net/b/MTAyMw==,,,IV Therapy/Wellness,"['71689', '63672', '67264', '73939', '21474', '54410', '43550', '03836', '70974', '51254']","{'phones': ['2147483647'], 'websites': ['https://cdn.logr-ingest.com/logger', 'https://polyfill.io/v3/polyfill.min.js?features=es2017%2Cdefault%2Ces2015%2Ces2016%2CIntl', 'https://jsd-widget.atlassian.com', 'https://jsd-widget.atlassian.com/assets/embed.js', 'https://wsrv.nl/?url=&amp']}",,,,,,No redirect,,"{'has_forms': True, 'has_booking': False, 'has_services': False, 'has_pricing': False, 'has_contact': False, 'has_location': False, 'script_count': 6, 'style_count': 11, 'image_count': 0, 'link_count': 0}","{'viewport': 'width=device-width,initial-scale=1,shrink-to-fit=no,maximum-scale=1,user-scalable=no'}",0,2,Low,,0,1.01,33649,2025-06-24T22:38:11.848508,,
MTAyNA==,1024,https://vsdigital-bookingwidget-prod.azurewebsites.net/b/MTAyNA==,https://vsdigital-bookingwidget-prod.azurewebsites.net/b/MTAyNA==,,,IV Therapy/Wellness,"['71689', '63672', '67264', '73939', '21474', '54410', '43550', '03836', '70974', '51254']","{'phones': ['2147483647'], 'websites': ['https://cdn.logr-ingest.com/logger', 'https://polyfill.io/v3/polyfill.min.js?features=es2017%2Cdefault%2Ces2015%2Ces2016%2CIntl', 'https://jsd-widget.atlassian.com', 'https://jsd-widget.atlassian.com/assets/embed.js', 'https://wsrv.nl/?url=&amp']}",,,,,,No redirect,,"{'has_forms': True, 'has_booking': False, 'has_services': False, 'has_pricing': False, 'has_contact': False, 'has_location': False, 'script_count': 6, 'style_count': 11, 'image_count': 0, 'link_count': 0}","{'viewport': 'width=device-width,initial-scale=1,shrink-to-fit=no,maximum-scale=1,user-scalable=no'}",0,2,Low,,0,1.06,33649,2025-06-24T22:38:13.129960,,
MTAyNQ==,1025,https://vsdigital-bookingwidget-prod.azurewebsites.net/b/MTAyNQ==,https://vsdigital-bookingwidget-prod.azurewebsites.net/b/MTAyNQ==,,,IV Therapy/Wellness,"['71689', '63672', '67264', '73939', '21474', '54410', '43550', '03836', '70974', '51254']","{'phones': ['2147483647'], 'websites': ['https://cdn.logr-ingest.com/logger', 'https://polyfill.io/v3/polyfill.min.js?features=es2017%2Cdefault%2Ces2015%2Ces2016%2CIntl', 'https://jsd-widget.atlassian.com', 'https://jsd-widget.atlassian.com/assets/embed.js', 'https://wsrv.nl/?url=&amp']}",,,,,,No redirect,,"{'has_forms': True, 'has_booking': False, 'has_services': False, 'has_pricing': False, 'has_contact': False, 'has_location': False, 'script_count': 6, 'style_count': 11, 'image_count': 0, 'link_count': 0}","{'viewport': 'width=device-width,initial-scale=1,shrink-to-fit=no,maximum-scale=1,user-scalable=no'}",0,2,Low,,0,2.61,33649,2025-06-24T22:38:15.965284,,
MTAyNg==,1026,https://vsdigital-bookingwidget-prod.azurewebsites.net/b/MTAyNg==,https://vsdigital-bookingwidget-prod.azurewebsites.net/b/MTAyNg==,,,IV Therapy/Wellness,"['71689', '63672', '67264', '73939', '21474', '54410', '43550', '03836', '70974', '51254']","{'phones': ['2147483647'], 'websites': ['https://cdn.logr-ingest.com/logger', 'https://polyfill.io/v3/polyfill.min.js?features=es2017%2Cdefault%2Ces2015%2Ces2016%2CIntl', 'https://jsd-widget.atlassian.com', 'https://jsd-widget.atlassian.com/assets/embed.js', 'https://wsrv.nl/?url=&amp']}",,,,,,No redirect,,"{'has_forms': True, 'has_booking': False, 'has_services': False, 'has_pricing': False, 'has_contact': False, 'has_location': False, 'script_count': 6, 'style_count': 11, 'image_count': 0, 'link_count': 0}","{'viewport': 'width=device-width,initial-scale=1,shrink-to-fit=no,maximum-scale=1,user-scalable=no'}",0,2,Low,,0,1.54,33649,2025-06-24T22:38:17.728668,,
MTAyNw==,1027,https://vsdigital-bookingwidget-prod.azurewebsites.net/b/MTAyNw==,https://vsdigital-bookingwidget-prod.azurewebsites.net/b/MTAyNw==,,,IV Therapy/Wellness,"['71689', '63672', '67264', '73939', '21474', '54410', '43550', '03836', '70974', '51254']","{'phones': ['2147483647'], 'websites': ['https://cdn.logr-ingest.com/logger', 'https://polyfill.io/v3/polyfill.min.js?features=es2017%2Cdefault%2Ces2015%2Ces2016%2CIntl', 'https://jsd-widget.atlassian.com', 'https://jsd-widget.atlassian.com/assets/embed.js', 'https://wsrv.nl/?url=&amp']}",,,,,,No redirect,,"{'has_forms': True, 'has_booking': False, 'has_services': False, 'has_pricing': False, 'has_contact': False, 'has_location': False, 'script_count': 6, 'style_count': 11, 'image_count': 0, 'link_count': 0}","{'viewport': 'width=device-width,initial-scale=1,shrink-to-fit=no,maximum-scale=1,user-scalable=no'}",0,2,Low,,0,1.21,33649,2025-06-24T22:38:19.164885,,
MTAyOA==,1028,https://vsdigital-bookingwidget-prod.azurewebsites.net/b/MTAyOA==,https://vsdigital-bookingwidget-prod.azurewebsites.net/b/MTAyOA==,,,IV Therapy/Wellness,"['71689', '63672', '67264', '73939', '21474', '54410', '43550', '03836', '70974', '51254']","{'phones': ['2147483647'], 'websites': ['https://cdn.logr-ingest.com/logger', 'https://polyfill.io/v3/polyfill.min.js?features=es2017%2Cdefault%2Ces2015%2Ces2016%2CIntl', 'https://jsd-widget.atlassian.com', 'https://jsd-widget.atlassian.com/assets/embed.js', 'https://wsrv.nl/?url=&amp']}",,,,,,No redirect,,"{'has_forms': True, 'has_booking': False, 'has_services': False, 'has_pricing': False, 'has_contact': False, 'has_location': False, 'script_count': 6, 'style_count': 11, 'image_count': 0, 'link_count': 0}","{'viewport': 'width=device-width,initial-scale=1,shrink-to-fit=no,maximum-scale=1,user-scalable=no'}",0,2,Low,,0,3.36,33671,2025-06-24T22:38:22.748929,,
MTAyOQ==,1029,https://vsdigital-bookingwidget-prod.azurewebsites.net/b/MTAyOQ==,https://vsdigital-bookingwidget-prod.azurewebsites.net/b/MTAyOQ==,,,IV Therapy/Wellness,"['71689', '63672', '67264', '73939', '21474', '54410', '43550', '03836', '70974', '51254']","{'phones': ['2147483647'], 'websites': ['https://cdn.logr-ingest.com/logger', 'https://polyfill.io/v3/polyfill.min.js?features=es2017%2Cdefault%2Ces2015%2Ces2016%2CIntl', 'https://jsd-widget.atlassian.com', 'https://jsd-widget.atlassian.com/assets/embed.js', 'https://wsrv.nl/?url=&amp']}",,,,,,No redirect,,"{'has_forms': True, 'has_booking': False, 'has_services': False, 'has_pricing': False, 'has_contact': False, 'has_location': False, 'script_count': 6, 'style_count': 11, 'image_count': 0, 'link_count': 0}","{'viewport': 'width=device-width,initial-scale=1,shrink-to-fit=no,maximum-scale=1,user-scalable=no'}",0,2,Low,,0,2.24,33649,2025-06-24T22:38:25.213987,,
MTAzMA==,1030,https://vsdigital-bookingwidget-prod.azurewebsites.net/b/MTAzMA==,https://vsdigital-bookingwidget-prod.azurewebsites.net/b/MTAzMA==,,,IV Therapy/Wellness,"['71689', '63672', '67264', '73939', '21474', '54410', '43550', '03836', '70974', '51254']","{'phones': ['2147483647'], 'websites': ['https://cdn.logr-ingest.com/logger', 'https://polyfill.io/v3/polyfill.min.js?features=es2017%2Cdefault%2Ces2015%2Ces2016%2CIntl', 'https://jsd-widget.atlassian.com', 'https://jsd-widget.atlassian.com/assets/embed.js', 'https://wsrv.nl/?url=&amp']}",,,,,,No redirect,,"{'has_forms': True, 'has_booking': False, 'has_services': False, 'has_pricing': False, 'has_contact': False, 'has_location': False, 'script_count': 6, 'style_count': 11, 'image_count': 0, 'link_count': 0}","{'viewport': 'width=device-width,initial-scale=1,shrink-to-fit=no,maximum-scale=1,user-scalable=no'}",0,2,Low,,0,2.22,33649,2025-06-24T22:38:27.653114,,
MTAzMQ==,1031,https://vsdigital-bookingwidget-prod.azurewebsites.net/b/MTAzMQ==,https://vsdigital-bookingwidget-prod.azurewebsites.net/b/MTAzMQ==,,,IV Therapy/Wellness,"['71689', '63672', '67264', '73939', '21474', '54410', '43550', '03836', '70974', '51254']","{'phones': ['2147483647'], 'websites': ['https://cdn.logr-ingest.com/logger', 'https://polyfill.io/v3/polyfill.min.js?features=es2017%2Cdefault%2Ces2015%2Ces2016%2CIntl', 'https://jsd-widget.atlassian.com', 'https://jsd-widget.atlassian.com/assets/embed.js', 'https://wsrv.nl/?url=&amp']}",,,,,,No redirect,,"{'has_forms': True, 'has_booking': False, 'has_services': False, 'has_pricing': False, 'has_contact': False, 'has_location': False, 'script_count': 6, 'style_count': 11, 'image_count': 0, 'link_count': 0}","{'viewport': 'width=device-width,initial-scale=1,shrink-to-fit=no,maximum-scale=1,user-scalable=no'}",0,2,Low,,0,1.38,33649,2025-06-24T22:38:29.266057,,
MTAzMg==,1032,https://vsdigital-bookingwidget-prod.azurewebsites.net/b/MTAzMg==,https://vsdigital-bookingwidget-prod.azurewebsites.net/b/MTAzMg==,,,IV Therapy/Wellness,"['71689', '63672', '67264', '73939', '21474', '54410', '43550', '03836', '70974', '51254']","{'phones': ['2147483647'], 'websites': ['https://cdn.logr-ingest.com/logger', 'https://polyfill.io/v3/polyfill.min.js?features=es2017%2Cdefault%2Ces2015%2Ces2016%2CIntl', 'https://jsd-widget.atlassian.com', 'https://jsd-widget.atlassian.com/assets/embed.js', 'https://wsrv.nl/?url=&amp']}",,,,,,No redirect,,"{'has_forms': True, 'has_booking': False, 'has_services': False, 'has_pricing': False, 'has_contact': False, 'has_location': False, 'script_count': 6, 'style_count': 11, 'image_count': 0, 'link_count': 0}","{'viewport': 'width=device-width,initial-scale=1,shrink-to-fit=no,maximum-scale=1,user-scalable=no'}",0,2,Low,,0,1.59,33649,2025-06-24T22:38:31.084291,,
MTAzMw==,1033,https://vsdigital-bookingwidget-prod.azurewebsites.net/b/MTAzMw==,https://vsdigital-bookingwidget-prod.azurewebsites.net/b/MTAzMw==,,,IV Therapy/Wellness,"['71689', '63672', '67264', '73939', '21474', '54410', '43550', '03836', '70974', '51254']","{'phones': ['2147483647'], 'websites': ['https://cdn.logr-ingest.com/logger', 'https://polyfill.io/v3/polyfill.min.js?features=es2017%2Cdefault%2Ces2015%2Ces2016%2CIntl', 'https://jsd-widget.atlassian.com', 'https://jsd-widget.atlassian.com/assets/embed.js', 'https://wsrv.nl/?url=&amp']}",,,,,,No redirect,,"{'has_forms': True, 'has_booking': False, 'has_services': False, 'has_pricing': False, 'has_contact': False, 'has_location': False, 'script_count': 6, 'style_count': 11, 'image_count': 0, 'link_count': 0}","{'viewport': 'width=device-width,initial-scale=1,shrink-to-fit=no,maximum-scale=1,user-scalable=no'}",0,2,Low,,0,12.38,33649,2025-06-24T22:38:43.698667,,
MTAzNA==,1034,https://vsdigital-bookingwidget-prod.azurewebsites.net/b/MTAzNA==,https://vsdigital-bookingwidget-prod.azurewebsites.net/b/MTAzNA==,,,IV Therapy/Wellness,"['71689', '63672', '67264', '73939', '21474', '54410', '43550', '03836', '70974', '51254']","{'phones': ['2147483647'], 'websites': ['https://cdn.logr-ingest.com/logger', 'https://polyfill.io/v3/polyfill.min.js?features=es2017%2Cdefault%2Ces2015%2Ces2016%2CIntl', 'https://jsd-widget.atlassian.com', 'https://jsd-widget.atlassian.com/assets/embed.js', 'https://wsrv.nl/?url=&amp']}",,,,,,No redirect,,"{'has_forms': True, 'has_booking': False, 'has_services': False, 'has_pricing': False, 'has_contact': False, 'has_location': False, 'script_count': 6, 'style_count': 11, 'image_count': 0, 'link_count': 0}","{'viewport': 'width=device-width,initial-scale=1,shrink-to-fit=no,maximum-scale=1,user-scalable=no'}",0,2,Low,,0,2.43,33649,2025-06-24T22:38:46.360492,,
MTAzNQ==,1035,https://vsdigital-bookingwidget-prod.azurewebsites.net/b/MTAzNQ==,https://vsdigital-bookingwidget-prod.azurewebsites.net/b/MTAzNQ==,,,IV Therapy/Wellness,"['71689', '63672', '67264', '73939', '21474', '54410', '43550', '03836', '70974', '51254']","{'phones': ['2147483647'], 'websites': ['https://cdn.logr-ingest.com/logger', 'https://polyfill.io/v3/polyfill.min.js?features=es2017%2Cdefault%2Ces2015%2Ces2016%2CIntl', 'https://jsd-widget.atlassian.com', 'https://jsd-widget.atlassian.com/assets/embed.js', 'https://wsrv.nl/?url=&amp']}",,,,,,No redirect,,"{'has_forms': True, 'has_booking': False, 'has_services': False, 'has_pricing': False, 'has_contact': False, 'has_location': False, 'script_count': 6, 'style_count': 11, 'image_count': 0, 'link_count': 0}","{'viewport': 'width=device-width,initial-scale=1,shrink-to-fit=no,maximum-scale=1,user-scalable=no'}",0,2,Low,,0,2.01,33649,2025-06-24T22:38:48.614937,,
MTAzNg==,1036,https://vsdigital-bookingwidget-prod.azurewebsites.net/b/MTAzNg==,https://vsdigital-bookingwidget-prod.azurewebsites.net/b/MTAzNg==,,,IV Therapy/Wellness,"['71689', '63672', '67264', '73939', '21474', '54410', '43550', '03836', '70974', '51254']","{'phones': ['2147483647'], 'websites': ['https://cdn.logr-ingest.com/logger', 'https://polyfill.io/v3/polyfill.min.js?features=es2017%2Cdefault%2Ces2015%2Ces2016%2CIntl', 'https://jsd-widget.atlassian.com', 'https://jsd-widget.atlassian.com/assets/embed.js', 'https://wsrv.nl/?url=&amp']}",,,,,,No redirect,,"{'has_forms': True, 'has_booking': False, 'has_services': False, 'has_pricing': False, 'has_contact': False, 'has_location': False, 'script_count': 6, 'style_count': 11, 'image_count': 0, 'link_count': 0}","{'viewport': 'width=device-width,initial-scale=1,shrink-to-fit=no,maximum-scale=1,user-scalable=no'}",0,2,Low,,0,2.98,33649,2025-06-24T22:38:51.824434,,
MTAzNw==,1037,https://vsdigital-bookingwidget-prod.azurewebsites.net/b/MTAzNw==,https://vsdigital-bookingwidget-prod.azurewebsites.net/b/MTAzNw==,,,IV Therapy/Wellness,"['71689', '63672', '67264', '73939', '21474', '54410', '43550', '03836', '70974', '51254']","{'phones': ['2147483647'], 'websites': ['https://cdn.logr-ingest.com/logger', 'https://polyfill.io/v3/polyfill.min.js?features=es2017%2Cdefault%2Ces2015%2Ces2016%2CIntl', 'https://jsd-widget.atlassian.com', 'https://jsd-widget.atlassian.com/assets/embed.js', 'https://wsrv.nl/?url=&amp']}",,,,,,No redirect,,"{'has_forms': True, 'has_booking': False, 'has_services': False, 'has_pricing': False, 'has_contact': False, 'has_location': False, 'script_count': 6, 'style_count': 11, 'image_count': 0, 'link_count': 0}","{'viewport': 'width=device-width,initial-scale=1,shrink-to-fit=no,maximum-scale=1,user-scalable=no'}",0,2,Low,,0,2.25,33649,2025-06-24T22:38:54.293530,,
MTAzOA==,1038,https://vsdigital-bookingwidget-prod.azurewebsites.net/b/MTAzOA==,https://vsdigital-bookingwidget-prod.azurewebsites.net/b/MTAzOA==,,,IV Therapy/Wellness,"['71689', '63672', '67264', '73939', '21474', '54410', '43550', '03836', '70974', '51254']","{'phones': ['2147483647'], 'websites': ['https://cdn.logr-ingest.com/logger', 'https://polyfill.io/v3/polyfill.min.js?features=es2017%2Cdefault%2Ces2015%2Ces2016%2CIntl', 'https://jsd-widget.atlassian.com', 'https://jsd-widget.atlassian.com/assets/embed.js', 'https://wsrv.nl/?url=&amp']}",,,,,,No redirect,,"{'has_forms': True, 'has_booking': False, 'has_services': False, 'has_pricing': False, 'has_contact': False, 'has_location': False, 'script_count': 6, 'style_count': 11, 'image_count': 0, 'link_count': 0}","{'viewport': 'width=device-width,initial-scale=1,shrink-to-fit=no,maximum-scale=1,user-scalable=no'}",0,2,Low,,0,11.08,33671,2025-06-24T22:39:05.595769,,
MTAzOQ==,1039,https://vsdigital-bookingwidget-prod.azurewebsites.net/b/MTAzOQ==,https://vsdigital-bookingwidget-prod.azurewebsites.net/b/MTAzOQ==,,,IV Therapy/Wellness,"['71689', '63672', '67264', '73939', '21474', '54410', '43550', '03836', '70974', '51254']","{'phones': ['2147483647'], 'websites': ['https://cdn.logr-ingest.com/logger', 'https://polyfill.io/v3/polyfill.min.js?features=es2017%2Cdefault%2Ces2015%2Ces2016%2CIntl', 'https://jsd-widget.atlassian.com', 'https://jsd-widget.atlassian.com/assets/embed.js', 'https://wsrv.nl/?url=&amp']}",,,,,,No redirect,,"{'has_forms': True, 'has_booking': False, 'has_services': False, 'has_pricing': False, 'has_contact': False, 'has_location': False, 'script_count': 6, 'style_count': 11, 'image_count': 0, 'link_count': 0}","{'viewport': 'width=device-width,initial-scale=1,shrink-to-fit=no,maximum-scale=1,user-scalable=no'}",0,2,Low,,0,1.07,33649,2025-06-24T22:39:06.887932,,
MTA0MA==,1040,https://vsdigital-bookingwidget-prod.azurewebsites.net/b/MTA0MA==,https://vsdigital-bookingwidget-prod.azurewebsites.net/b/MTA0MA==,,,IV Therapy/Wellness,"['71689', '63672', '67264', '73939', '21474', '54410', '43550', '03836', '70974', '51254']","{'phones': ['2147483647'], 'websites': ['https://cdn.logr-ingest.com/logger', 'https://polyfill.io/v3/polyfill.min.js?features=es2017%2Cdefault%2Ces2015%2Ces2016%2CIntl', 'https://jsd-widget.atlassian.com', 'https://jsd-widget.atlassian.com/assets/embed.js', 'https://wsrv.nl/?url=&amp']}",,,,,,No redirect,,"{'has_forms': True, 'has_booking': False, 'has_services': False, 'has_pricing': False, 'has_contact': False, 'has_location': False, 'script_count': 6, 'style_count': 11, 'image_count': 0, 'link_count': 0}","{'viewport': 'width=device-width,initial-scale=1,shrink-to-fit=no,maximum-scale=1,user-scalable=no'}",0,2,Low,,0,11.58,33671,2025-06-24T22:39:18.684225,,
MTA0MQ==,1041,https://vsdigital-bookingwidget-prod.azurewebsites.net/b/MTA0MQ==,https://vsdigital-bookingwidget-prod.azurewebsites.net/b/MTA0MQ==,,,IV Therapy/Wellness,"['71689', '63672', '67264', '73939', '21474', '54410', '43550', '03836', '70974', '51254']","{'phones': ['2147483647'], 'websites': ['https://cdn.logr-ingest.com/logger', 'https://polyfill.io/v3/polyfill.min.js?features=es2017%2Cdefault%2Ces2015%2Ces2016%2CIntl', 'https://jsd-widget.atlassian.com', 'https://jsd-widget.atlassian.com/assets/embed.js', 'https://wsrv.nl/?url=&amp']}",,,,,,No redirect,,"{'has_forms': True, 'has_booking': False, 'has_services': False, 'has_pricing': False, 'has_contact': False, 'has_location': False, 'script_count': 6, 'style_count': 11, 'image_count': 0, 'link_count': 0}","{'viewport': 'width=device-width,initial-scale=1,shrink-to-fit=no,maximum-scale=1,user-scalable=no'}",0,2,Low,,0,0.72,33649,2025-06-24T22:39:19.628776,,
MTA0Mg==,1042,https://vsdigital-bookingwidget-prod.azurewebsites.net/b/MTA0Mg==,https://vsdigital-bookingwidget-prod.azurewebsites.net/b/MTA0Mg==,,,IV Therapy/Wellness,"['71689', '63672', '67264', '73939', '21474', '54410', '43550', '03836', '70974', '51254']","{'phones': ['2147483647'], 'websites': ['https://cdn.logr-ingest.com/logger', 'https://polyfill.io/v3/polyfill.min.js?features=es2017%2Cdefault%2Ces2015%2Ces2016%2CIntl', 'https://jsd-widget.atlassian.com', 'https://jsd-widget.atlassian.com/assets/embed.js', 'https://wsrv.nl/?url=&amp']}",,,,,,No redirect,,"{'has_forms': True, 'has_booking': False, 'has_services': False, 'has_pricing': False, 'has_contact': False, 'has_location': False, 'script_count': 6, 'style_count': 11, 'image_count': 0, 'link_count': 0}","{'viewport': 'width=device-width,initial-scale=1,shrink-to-fit=no,maximum-scale=1,user-scalable=no'}",0,2,Low,,0,3.23,33649,2025-06-24T22:39:23.083552,,
MTA0Mw==,1043,https://vsdigital-bookingwidget-prod.azurewebsites.net/b/MTA0Mw==,https://vsdigital-bookingwidget-prod.azurewebsites.net/b/MTA0Mw==,,,IV Therapy/Wellness,"['71689', '63672', '67264', '73939', '21474', '54410', '43550', '03836', '70974', '51254']","{'phones': ['2147483647'], 'websites': ['https://cdn.logr-ingest.com/logger', 'https://polyfill.io/v3/polyfill.min.js?features=es2017%2Cdefault%2Ces2015%2Ces2016%2CIntl', 'https://jsd-widget.atlassian.com', 'https://jsd-widget.atlassian.com/assets/embed.js', 'https://wsrv.nl/?url=&amp']}",,,,,,No redirect,,"{'has_forms': True, 'has_booking': False, 'has_services': False, 'has_pricing': False, 'has_contact': False, 'has_location': False, 'script_count': 6, 'style_count': 11, 'image_count': 0, 'link_count': 0}","{'viewport': 'width=device-width,initial-scale=1,shrink-to-fit=no,maximum-scale=1,user-scalable=no'}",0,2,Low,,0,0.92,33649,2025-06-24T22:39:24.234947,,
MTA0NA==,1044,https://vsdigital-bookingwidget-prod.azurewebsites.net/b/MTA0NA==,https://vsdigital-bookingwidget-prod.azurewebsites.net/b/MTA0NA==,,,IV Therapy/Wellness,"['71689', '63672', '67264', '73939', '21474', '54410', '43550', '03836', '70974', '51254']","{'phones': ['2147483647'], 'websites': ['https://cdn.logr-ingest.com/logger', 'https://polyfill.io/v3/polyfill.min.js?features=es2017%2Cdefault%2Ces2015%2Ces2016%2CIntl', 'https://jsd-widget.atlassian.com', 'https://jsd-widget.atlassian.com/assets/embed.js', 'https://wsrv.nl/?url=&amp']}",,,,,,No redirect,,"{'has_forms': True, 'has_booking': False, 'has_services': False, 'has_pricing': False, 'has_contact': False, 'has_location': False, 'script_count': 6, 'style_count': 11, 'image_count': 0, 'link_count': 0}","{'viewport': 'width=device-width,initial-scale=1,shrink-to-fit=no,maximum-scale=1,user-scalable=no'}",0,2,Low,,0,0.88,33649,2025-06-24T22:39:25.343482,,
MTA0NQ==,1045,https://vsdigital-bookingwidget-prod.azurewebsites.net/b/MTA0NQ==,https://vsdigital-bookingwidget-prod.azurewebsites.net/b/MTA0NQ==,,,IV Therapy/Wellness,"['71689', '63672', '67264', '73939', '21474', '54410', '43550', '03836', '70974', '51254']","{'phones': ['2147483647'], 'websites': ['https://cdn.logr-ingest.com/logger', 'https://polyfill.io/v3/polyfill.min.js?features=es2017%2Cdefault%2Ces2015%2Ces2016%2CIntl', 'https://jsd-widget.atlassian.com', 'https://jsd-widget.atlassian.com/assets/embed.js', 'https://wsrv.nl/?url=&amp']}",,,,,,No redirect,,"{'has_forms': True, 'has_booking': False, 'has_services': False, 'has_pricing': False, 'has_contact': False, 'has_location': False, 'script_count': 6, 'style_count': 11, 'image_count': 0, 'link_count': 0}","{'viewport': 'width=device-width,initial-scale=1,shrink-to-fit=no,maximum-scale=1,user-scalable=no'}",0,2,Low,,0,11.49,33649,2025-06-24T22:39:37.060079,,
MTA0Ng==,1046,https://vsdigital-bookingwidget-prod.azurewebsites.net/b/MTA0Ng==,https://vsdigital-bookingwidget-prod.azurewebsites.net/widget,,,IV Therapy/Wellness,"['71689', '63672', '67264', '73939', '21474', '54410', '43550', '03836', '70974', '51254']","{'phones': ['2147483647'], 'websites': ['https://cdn.logr-ingest.com/logger', 'https://polyfill.io/v3/polyfill.min.js?features=es2017%2Cdefault%2Ces2015%2Ces2016%2CIntl', 'https://jsd-widget.atlassian.com', 'https://jsd-widget.atlassian.com/assets/embed.js', 'https://wsrv.nl/?url=&amp']}",,,,,,Redirects to generic widget,,"{'has_forms': True, 'has_booking': False, 'has_services': False, 'has_pricing': False, 'has_contact': False, 'has_location': False, 'script_count': 7, 'style_count': 10, 'image_count': 0, 'link_count': 0}","{'viewport': 'width=device-width,initial-scale=1,shrink-to-fit=no,maximum-scale=1,user-scalable=no'}",0,2,Low,,0,1.16,26343,2025-06-24T22:39:38.477661,,
MTA0Nw==,1047,https://vsdigital-bookingwidget-prod.azurewebsites.net/b/MTA0Nw==,https://vsdigital-bookingwidget-prod.azurewebsites.net/b/MTA0Nw==,,,IV Therapy/Wellness,"['71689', '63672', '67264', '73939', '21474', '54410', '43550', '03836', '70974', '51254']","{'phones': ['2147483647'], 'websites': ['https://cdn.logr-ingest.com/logger', 'https://polyfill.io/v3/polyfill.min.js?features=es2017%2Cdefault%2Ces2015%2Ces2016%2CIntl', 'https://jsd-widget.atlassian.com', 'https://jsd-widget.atlassian.com/assets/embed.js', 'https://wsrv.nl/?url=&amp']}",,,,,,No redirect,,"{'has_forms': True, 'has_booking': False, 'has_services': False, 'has_pricing': False, 'has_contact': False, 'has_location': False, 'script_count': 6, 'style_count': 11, 'image_count': 0, 'link_count': 0}","{'viewport': 'width=device-width,initial-scale=1,shrink-to-fit=no,maximum-scale=1,user-scalable=no'}",0,2,Low,,0,0.94,33649,2025-06-24T22:39:39.783907,,
MTA0OA==,1048,https://vsdigital-bookingwidget-prod.azurewebsites.net/b/MTA0OA==,https://vsdigital-bookingwidget-prod.azurewebsites.net/b/MTA0OA==,,,IV Therapy/Wellness,"['71689', '63672', '67264', '73939', '21474', '54410', '43550', '03836', '70974', '51254']","{'phones': ['2147483647'], 'websites': ['https://cdn.logr-ingest.com/logger', 'https://polyfill.io/v3/polyfill.min.js?features=es2017%2Cdefault%2Ces2015%2Ces2016%2CIntl', 'https://jsd-widget.atlassian.com', 'https://jsd-widget.atlassian.com/assets/embed.js', 'https://wsrv.nl/?url=&amp']}",,,,,,No redirect,,"{'has_forms': True, 'has_booking': False, 'has_services': False, 'has_pricing': False, 'has_contact': False, 'has_location': False, 'script_count': 6, 'style_count': 11, 'image_count': 0, 'link_count': 0}","{'viewport': 'width=device-width,initial-scale=1,shrink-to-fit=no,maximum-scale=1,user-scalable=no'}",0,2,Low,,0,1.38,33649,2025-06-24T22:39:41.393636,,
MTA0OQ==,1049,https://vsdigital-bookingwidget-prod.azurewebsites.net/b/MTA0OQ==,https://vsdigital-bookingwidget-prod.azurewebsites.net/b/MTA0OQ==,,,IV Therapy/Wellness,"['71689', '63672', '67264', '73939', '21474', '54410', '43550', '03836', '70974', '51254']","{'phones': ['2147483647'], 'websites': ['https://cdn.logr-ingest.com/logger', 'https://polyfill.io/v3/polyfill.min.js?features=es2017%2Cdefault%2Ces2015%2Ces2016%2CIntl', 'https://jsd-widget.atlassian.com', 'https://jsd-widget.atlassian.com/assets/embed.js', 'https://wsrv.nl/?url=&amp']}",,,,,,No redirect,,"{'has_forms': True, 'has_booking': False, 'has_services': False, 'has_pricing': False, 'has_contact': False, 'has_location': False, 'script_count': 6, 'style_count': 11, 'image_count': 0, 'link_count': 0}","{'viewport': 'width=device-width,initial-scale=1,shrink-to-fit=no,maximum-scale=1,user-scalable=no'}",0,2,Low,,0,2.87,33649,2025-06-24T22:39:44.491429,,
