slug,url,final_url,status,classification,business_name,business_indicators,error_indicators,indicators_found,error_indicators_found,page_title,content_length,load_time,content_preview,error_details,tested_at
MQ==,https://vsdigital-bookingwidget-prod.azurewebsites.net/b/MQ==,https://vsdigital-bookingwidget-prod.azurewebsites.net/widget,ACTIVE,ACTIVE_BUSINESS,undefined,1,2,['select'],"['error', ""the link you've opened isn't working as expected""]",undefined,31648,5.00777792930603,"<html lang=""en"" style=""--default-icon-primary: #2b515c;""><head><meta charset=""utf-8""><title>undefined</title><link rel=""preconnect"" href=""https://fonts.googleapis.com""><link rel=""preconnect"" href=""https://fonts.gstatic.com"" crossorigin=""""><link href=""https://fonts.googleapis.com/css2?family=inter:ital,opsz,wght@0,14..32,100..900;1,14..32,100..900&amp;display=swap"" rel=""stylesheet""><link href=""https://fonts.googleapis.com/icon?family=material+icons"" rel=""stylesheet""><link rel=""stylesheet"" href=""h",,2025-06-24T23:18:02.847614
Mg==,https://vsdigital-bookingwidget-prod.azurewebsites.net/b/Mg==,https://vsdigital-bookingwidget-prod.azurewebsites.net/widget,ERROR_PAGE,EMPTY_TITLE_INVALID_URL,,1,2,['select'],"['error', ""the link you've opened isn't working as expected""]",,31630,2.6066529750823975,"<html lang=""en"" style=""--default-icon-primary: #2b515c;""><head><meta charset=""utf-8""><title></title><link rel=""preconnect"" href=""https://fonts.googleapis.com""><link rel=""preconnect"" href=""https://fonts.gstatic.com"" crossorigin=""""><link href=""https://fonts.googleapis.com/css2?family=inter:ital,opsz,wght@0,14..32,100..900;1,14..32,100..900&amp;display=swap"" rel=""stylesheet""><link href=""https://fonts.googleapis.com/icon?family=material+icons"" rel=""stylesheet""><link rel=""stylesheet"" href=""https://fo",,2025-06-24T23:18:05.560089
Mw==,https://vsdigital-bookingwidget-prod.azurewebsites.net/b/Mw==,https://vsdigital-bookingwidget-prod.azurewebsites.net/widget,ERROR_PAGE,EMPTY_TITLE_INVALID_URL,,1,2,['select'],"['error', ""the link you've opened isn't working as expected""]",,31630,2.580488920211792,"<html lang=""en"" style=""--default-icon-primary: #2b515c;""><head><meta charset=""utf-8""><title></title><link rel=""preconnect"" href=""https://fonts.googleapis.com""><link rel=""preconnect"" href=""https://fonts.gstatic.com"" crossorigin=""""><link href=""https://fonts.googleapis.com/css2?family=inter:ital,opsz,wght@0,14..32,100..900;1,14..32,100..900&amp;display=swap"" rel=""stylesheet""><link href=""https://fonts.googleapis.com/icon?family=material+icons"" rel=""stylesheet""><link rel=""stylesheet"" href=""https://fo",,2025-06-24T23:18:08.245312
NA==,https://vsdigital-bookingwidget-prod.azurewebsites.net/b/NA==,https://vsdigital-bookingwidget-prod.azurewebsites.net/widget,ERROR_PAGE,EMPTY_TITLE_INVALID_URL,,1,2,['select'],"['error', ""the link you've opened isn't working as expected""]",,31630,2.7978479862213135,"<html lang=""en"" style=""--default-icon-primary: #2b515c;""><head><meta charset=""utf-8""><title></title><link rel=""preconnect"" href=""https://fonts.googleapis.com""><link rel=""preconnect"" href=""https://fonts.gstatic.com"" crossorigin=""""><link href=""https://fonts.googleapis.com/css2?family=inter:ital,opsz,wght@0,14..32,100..900;1,14..32,100..900&amp;display=swap"" rel=""stylesheet""><link href=""https://fonts.googleapis.com/icon?family=material+icons"" rel=""stylesheet""><link rel=""stylesheet"" href=""https://fo",,2025-06-24T23:18:11.146616
NQ==,https://vsdigital-bookingwidget-prod.azurewebsites.net/b/NQ==,https://vsdigital-bookingwidget-prod.azurewebsites.net/widget,ERROR_PAGE,EMPTY_TITLE_INVALID_URL,,1,2,['select'],"['error', ""the link you've opened isn't working as expected""]",,31630,2.922193765640259,"<html lang=""en"" style=""--default-icon-primary: #2b515c;""><head><meta charset=""utf-8""><title></title><link rel=""preconnect"" href=""https://fonts.googleapis.com""><link rel=""preconnect"" href=""https://fonts.gstatic.com"" crossorigin=""""><link href=""https://fonts.googleapis.com/css2?family=inter:ital,opsz,wght@0,14..32,100..900;1,14..32,100..900&amp;display=swap"" rel=""stylesheet""><link href=""https://fonts.googleapis.com/icon?family=material+icons"" rel=""stylesheet""><link rel=""stylesheet"" href=""https://fo",,2025-06-24T23:18:14.170014
Ng==,https://vsdigital-bookingwidget-prod.azurewebsites.net/b/Ng==,https://vsdigital-bookingwidget-prod.azurewebsites.net/widget,ERROR_PAGE,EMPTY_TITLE_INVALID_URL,,1,2,['select'],"['error', ""the link you've opened isn't working as expected""]",,31630,1.8814449310302734,"<html lang=""en"" style=""--default-icon-primary: #2b515c;""><head><meta charset=""utf-8""><title></title><link rel=""preconnect"" href=""https://fonts.googleapis.com""><link rel=""preconnect"" href=""https://fonts.gstatic.com"" crossorigin=""""><link href=""https://fonts.googleapis.com/css2?family=inter:ital,opsz,wght@0,14..32,100..900;1,14..32,100..900&amp;display=swap"" rel=""stylesheet""><link href=""https://fonts.googleapis.com/icon?family=material+icons"" rel=""stylesheet""><link rel=""stylesheet"" href=""https://fo",,2025-06-24T23:18:16.157222
Nw==,https://vsdigital-bookingwidget-prod.azurewebsites.net/b/Nw==,https://vsdigital-bookingwidget-prod.azurewebsites.net/widget,ERROR_PAGE,EMPTY_TITLE_INVALID_URL,,1,2,['select'],"['error', ""the link you've opened isn't working as expected""]",,31630,2.026967763900757,"<html lang=""en"" style=""--default-icon-primary: #2b515c;""><head><meta charset=""utf-8""><title></title><link rel=""preconnect"" href=""https://fonts.googleapis.com""><link rel=""preconnect"" href=""https://fonts.gstatic.com"" crossorigin=""""><link href=""https://fonts.googleapis.com/css2?family=inter:ital,opsz,wght@0,14..32,100..900;1,14..32,100..900&amp;display=swap"" rel=""stylesheet""><link href=""https://fonts.googleapis.com/icon?family=material+icons"" rel=""stylesheet""><link rel=""stylesheet"" href=""https://fo",,2025-06-24T23:18:18.288691
OA==,https://vsdigital-bookingwidget-prod.azurewebsites.net/b/OA==,https://vsdigital-bookingwidget-prod.azurewebsites.net/widget,ERROR_PAGE,EMPTY_TITLE_INVALID_URL,,1,2,['select'],"['error', ""the link you've opened isn't working as expected""]",,31630,2.0566821098327637,"<html lang=""en"" style=""--default-icon-primary: #2b515c;""><head><meta charset=""utf-8""><title></title><link rel=""preconnect"" href=""https://fonts.googleapis.com""><link rel=""preconnect"" href=""https://fonts.gstatic.com"" crossorigin=""""><link href=""https://fonts.googleapis.com/css2?family=inter:ital,opsz,wght@0,14..32,100..900;1,14..32,100..900&amp;display=swap"" rel=""stylesheet""><link href=""https://fonts.googleapis.com/icon?family=material+icons"" rel=""stylesheet""><link rel=""stylesheet"" href=""https://fo",,2025-06-24T23:18:20.448829
OQ==,https://vsdigital-bookingwidget-prod.azurewebsites.net/b/OQ==,https://vsdigital-bookingwidget-prod.azurewebsites.net/widget,ERROR_PAGE,EMPTY_TITLE_INVALID_URL,,1,2,['select'],"['error', ""the link you've opened isn't working as expected""]",,31630,1.8561491966247559,"<html lang=""en"" style=""--default-icon-primary: #2b515c;""><head><meta charset=""utf-8""><title></title><link rel=""preconnect"" href=""https://fonts.googleapis.com""><link rel=""preconnect"" href=""https://fonts.gstatic.com"" crossorigin=""""><link href=""https://fonts.googleapis.com/css2?family=inter:ital,opsz,wght@0,14..32,100..900;1,14..32,100..900&amp;display=swap"" rel=""stylesheet""><link href=""https://fonts.googleapis.com/icon?family=material+icons"" rel=""stylesheet""><link rel=""stylesheet"" href=""https://fo",,2025-06-24T23:18:22.407795
MTA=,https://vsdigital-bookingwidget-prod.azurewebsites.net/b/MTA=,https://vsdigital-bookingwidget-prod.azurewebsites.net/widget,ERROR_PAGE,EMPTY_TITLE_INVALID_URL,,1,2,['select'],"['error', ""the link you've opened isn't working as expected""]",,31630,2.3894760608673096,"<html lang=""en"" style=""--default-icon-primary: #2b515c;""><head><meta charset=""utf-8""><title></title><link rel=""preconnect"" href=""https://fonts.googleapis.com""><link rel=""preconnect"" href=""https://fonts.gstatic.com"" crossorigin=""""><link href=""https://fonts.googleapis.com/css2?family=inter:ital,opsz,wght@0,14..32,100..900;1,14..32,100..900&amp;display=swap"" rel=""stylesheet""><link href=""https://fonts.googleapis.com/icon?family=material+icons"" rel=""stylesheet""><link rel=""stylesheet"" href=""https://fo",,2025-06-24T23:18:24.898550
MTE=,https://vsdigital-bookingwidget-prod.azurewebsites.net/b/MTE=,https://vsdigital-bookingwidget-prod.azurewebsites.net/widget,ERROR_PAGE,EMPTY_TITLE_INVALID_URL,,1,2,['select'],"['error', ""the link you've opened isn't working as expected""]",,31630,1.9156620502471924,"<html lang=""en"" style=""--default-icon-primary: #2b515c;""><head><meta charset=""utf-8""><title></title><link rel=""preconnect"" href=""https://fonts.googleapis.com""><link rel=""preconnect"" href=""https://fonts.gstatic.com"" crossorigin=""""><link href=""https://fonts.googleapis.com/css2?family=inter:ital,opsz,wght@0,14..32,100..900;1,14..32,100..900&amp;display=swap"" rel=""stylesheet""><link href=""https://fonts.googleapis.com/icon?family=material+icons"" rel=""stylesheet""><link rel=""stylesheet"" href=""https://fo",,2025-06-24T23:18:26.918728
MTI=,https://vsdigital-bookingwidget-prod.azurewebsites.net/b/MTI=,https://vsdigital-bookingwidget-prod.azurewebsites.net/widget,ERROR_PAGE,EMPTY_TITLE_INVALID_URL,,1,2,['select'],"['error', ""the link you've opened isn't working as expected""]",,31630,2.1617839336395264,"<html lang=""en"" style=""--default-icon-primary: #2b515c;""><head><meta charset=""utf-8""><title></title><link rel=""preconnect"" href=""https://fonts.googleapis.com""><link rel=""preconnect"" href=""https://fonts.gstatic.com"" crossorigin=""""><link href=""https://fonts.googleapis.com/css2?family=inter:ital,opsz,wght@0,14..32,100..900;1,14..32,100..900&amp;display=swap"" rel=""stylesheet""><link href=""https://fonts.googleapis.com/icon?family=material+icons"" rel=""stylesheet""><link rel=""stylesheet"" href=""https://fo",,2025-06-24T23:18:29.186729
MTM=,https://vsdigital-bookingwidget-prod.azurewebsites.net/b/MTM=,https://vsdigital-bookingwidget-prod.azurewebsites.net/widget,ERROR_PAGE,EMPTY_TITLE_INVALID_URL,,1,2,['select'],"['error', ""the link you've opened isn't working as expected""]",,31630,1.8553810119628906,"<html lang=""en"" style=""--default-icon-primary: #2b515c;""><head><meta charset=""utf-8""><title></title><link rel=""preconnect"" href=""https://fonts.googleapis.com""><link rel=""preconnect"" href=""https://fonts.gstatic.com"" crossorigin=""""><link href=""https://fonts.googleapis.com/css2?family=inter:ital,opsz,wght@0,14..32,100..900;1,14..32,100..900&amp;display=swap"" rel=""stylesheet""><link href=""https://fonts.googleapis.com/icon?family=material+icons"" rel=""stylesheet""><link rel=""stylesheet"" href=""https://fo",,2025-06-24T23:18:31.145594
MTQ=,https://vsdigital-bookingwidget-prod.azurewebsites.net/b/MTQ=,https://vsdigital-bookingwidget-prod.azurewebsites.net/widget,ERROR_PAGE,EMPTY_TITLE_INVALID_URL,,1,2,['select'],"['error', ""the link you've opened isn't working as expected""]",,31630,2.5659608840942383,"<html lang=""en"" style=""--default-icon-primary: #2b515c;""><head><meta charset=""utf-8""><title></title><link rel=""preconnect"" href=""https://fonts.googleapis.com""><link rel=""preconnect"" href=""https://fonts.gstatic.com"" crossorigin=""""><link href=""https://fonts.googleapis.com/css2?family=inter:ital,opsz,wght@0,14..32,100..900;1,14..32,100..900&amp;display=swap"" rel=""stylesheet""><link href=""https://fonts.googleapis.com/icon?family=material+icons"" rel=""stylesheet""><link rel=""stylesheet"" href=""https://fo",,2025-06-24T23:18:33.817194
MTU=,https://vsdigital-bookingwidget-prod.azurewebsites.net/b/MTU=,https://vsdigital-bookingwidget-prod.azurewebsites.net/widget,ERROR_PAGE,EMPTY_TITLE_INVALID_URL,,1,2,['select'],"['error', ""the link you've opened isn't working as expected""]",,31630,1.9203541278839111,"<html lang=""en"" style=""--default-icon-primary: #2b515c;""><head><meta charset=""utf-8""><title></title><link rel=""preconnect"" href=""https://fonts.googleapis.com""><link rel=""preconnect"" href=""https://fonts.gstatic.com"" crossorigin=""""><link href=""https://fonts.googleapis.com/css2?family=inter:ital,opsz,wght@0,14..32,100..900;1,14..32,100..900&amp;display=swap"" rel=""stylesheet""><link href=""https://fonts.googleapis.com/icon?family=material+icons"" rel=""stylesheet""><link rel=""stylesheet"" href=""https://fo",,2025-06-24T23:18:35.840728
MTY=,https://vsdigital-bookingwidget-prod.azurewebsites.net/b/MTY=,https://vsdigital-bookingwidget-prod.azurewebsites.net/widget,ERROR_PAGE,EMPTY_TITLE_INVALID_URL,,1,2,['select'],"['error', ""the link you've opened isn't working as expected""]",,31630,2.034630298614502,"<html lang=""en"" style=""--default-icon-primary: #2b515c;""><head><meta charset=""utf-8""><title></title><link rel=""preconnect"" href=""https://fonts.googleapis.com""><link rel=""preconnect"" href=""https://fonts.gstatic.com"" crossorigin=""""><link href=""https://fonts.googleapis.com/css2?family=inter:ital,opsz,wght@0,14..32,100..900;1,14..32,100..900&amp;display=swap"" rel=""stylesheet""><link href=""https://fonts.googleapis.com/icon?family=material+icons"" rel=""stylesheet""><link rel=""stylesheet"" href=""https://fo",,2025-06-24T23:18:37.978146
MTc=,https://vsdigital-bookingwidget-prod.azurewebsites.net/b/MTc=,https://vsdigital-bookingwidget-prod.azurewebsites.net/widget,ERROR_PAGE,EMPTY_TITLE_INVALID_URL,,1,2,['select'],"['error', ""the link you've opened isn't working as expected""]",,31630,2.7043957710266113,"<html lang=""en"" style=""--default-icon-primary: #2b515c;""><head><meta charset=""utf-8""><title></title><link rel=""preconnect"" href=""https://fonts.googleapis.com""><link rel=""preconnect"" href=""https://fonts.gstatic.com"" crossorigin=""""><link href=""https://fonts.googleapis.com/css2?family=inter:ital,opsz,wght@0,14..32,100..900;1,14..32,100..900&amp;display=swap"" rel=""stylesheet""><link href=""https://fonts.googleapis.com/icon?family=material+icons"" rel=""stylesheet""><link rel=""stylesheet"" href=""https://fo",,2025-06-24T23:18:40.788144
MTg=,https://vsdigital-bookingwidget-prod.azurewebsites.net/b/MTg=,https://vsdigital-bookingwidget-prod.azurewebsites.net/widget,ERROR_PAGE,EMPTY_TITLE_INVALID_URL,,1,2,['select'],"['error', ""the link you've opened isn't working as expected""]",,31630,2.38218092918396,"<html lang=""en"" style=""--default-icon-primary: #2b515c;""><head><meta charset=""utf-8""><title></title><link rel=""preconnect"" href=""https://fonts.googleapis.com""><link rel=""preconnect"" href=""https://fonts.gstatic.com"" crossorigin=""""><link href=""https://fonts.googleapis.com/css2?family=inter:ital,opsz,wght@0,14..32,100..900;1,14..32,100..900&amp;display=swap"" rel=""stylesheet""><link href=""https://fonts.googleapis.com/icon?family=material+icons"" rel=""stylesheet""><link rel=""stylesheet"" href=""https://fo",,2025-06-24T23:18:43.276231
MTk=,https://vsdigital-bookingwidget-prod.azurewebsites.net/b/MTk=,https://vsdigital-bookingwidget-prod.azurewebsites.net/widget,ERROR_PAGE,EMPTY_TITLE_INVALID_URL,,1,2,['select'],"['error', ""the link you've opened isn't working as expected""]",,31630,2.5354459285736084,"<html lang=""en"" style=""--default-icon-primary: #2b515c;""><head><meta charset=""utf-8""><title></title><link rel=""preconnect"" href=""https://fonts.googleapis.com""><link rel=""preconnect"" href=""https://fonts.gstatic.com"" crossorigin=""""><link href=""https://fonts.googleapis.com/css2?family=inter:ital,opsz,wght@0,14..32,100..900;1,14..32,100..900&amp;display=swap"" rel=""stylesheet""><link href=""https://fonts.googleapis.com/icon?family=material+icons"" rel=""stylesheet""><link rel=""stylesheet"" href=""https://fo",,2025-06-24T23:18:45.917494
MjA=,https://vsdigital-bookingwidget-prod.azurewebsites.net/b/MjA=,https://vsdigital-bookingwidget-prod.azurewebsites.net/widget,ERROR_PAGE,EMPTY_TITLE_INVALID_URL,,1,2,['select'],"['error', ""the link you've opened isn't working as expected""]",,31630,2.0481817722320557,"<html lang=""en"" style=""--default-icon-primary: #2b515c;""><head><meta charset=""utf-8""><title></title><link rel=""preconnect"" href=""https://fonts.googleapis.com""><link rel=""preconnect"" href=""https://fonts.gstatic.com"" crossorigin=""""><link href=""https://fonts.googleapis.com/css2?family=inter:ital,opsz,wght@0,14..32,100..900;1,14..32,100..900&amp;display=swap"" rel=""stylesheet""><link href=""https://fonts.googleapis.com/icon?family=material+icons"" rel=""stylesheet""><link rel=""stylesheet"" href=""https://fo",,2025-06-24T23:18:48.069047
MjE=,https://vsdigital-bookingwidget-prod.azurewebsites.net/b/MjE=,https://vsdigital-bookingwidget-prod.azurewebsites.net/widget,ERROR_PAGE,EMPTY_TITLE_INVALID_URL,,1,2,['select'],"['error', ""the link you've opened isn't working as expected""]",,31630,1.861361026763916,"<html lang=""en"" style=""--default-icon-primary: #2b515c;""><head><meta charset=""utf-8""><title></title><link rel=""preconnect"" href=""https://fonts.googleapis.com""><link rel=""preconnect"" href=""https://fonts.gstatic.com"" crossorigin=""""><link href=""https://fonts.googleapis.com/css2?family=inter:ital,opsz,wght@0,14..32,100..900;1,14..32,100..900&amp;display=swap"" rel=""stylesheet""><link href=""https://fonts.googleapis.com/icon?family=material+icons"" rel=""stylesheet""><link rel=""stylesheet"" href=""https://fo",,2025-06-24T23:18:50.037379
MjI=,https://vsdigital-bookingwidget-prod.azurewebsites.net/b/MjI=,https://vsdigital-bookingwidget-prod.azurewebsites.net/widget,ERROR_PAGE,EMPTY_TITLE_INVALID_URL,,1,2,['select'],"['error', ""the link you've opened isn't working as expected""]",,31630,2.117086410522461,"<html lang=""en"" style=""--default-icon-primary: #2b515c;""><head><meta charset=""utf-8""><title></title><link rel=""preconnect"" href=""https://fonts.googleapis.com""><link rel=""preconnect"" href=""https://fonts.gstatic.com"" crossorigin=""""><link href=""https://fonts.googleapis.com/css2?family=inter:ital,opsz,wght@0,14..32,100..900;1,14..32,100..900&amp;display=swap"" rel=""stylesheet""><link href=""https://fonts.googleapis.com/icon?family=material+icons"" rel=""stylesheet""><link rel=""stylesheet"" href=""https://fo",,2025-06-24T23:18:52.260586
MjM=,https://vsdigital-bookingwidget-prod.azurewebsites.net/b/MjM=,https://vsdigital-bookingwidget-prod.azurewebsites.net/widget,ERROR_PAGE,EMPTY_TITLE_INVALID_URL,,1,2,['select'],"['error', ""the link you've opened isn't working as expected""]",,31630,1.7740941047668457,"<html lang=""en"" style=""--default-icon-primary: #2b515c;""><head><meta charset=""utf-8""><title></title><link rel=""preconnect"" href=""https://fonts.googleapis.com""><link rel=""preconnect"" href=""https://fonts.gstatic.com"" crossorigin=""""><link href=""https://fonts.googleapis.com/css2?family=inter:ital,opsz,wght@0,14..32,100..900;1,14..32,100..900&amp;display=swap"" rel=""stylesheet""><link href=""https://fonts.googleapis.com/icon?family=material+icons"" rel=""stylesheet""><link rel=""stylesheet"" href=""https://fo",,2025-06-24T23:18:54.138112
MjQ=,https://vsdigital-bookingwidget-prod.azurewebsites.net/b/MjQ=,https://vsdigital-bookingwidget-prod.azurewebsites.net/widget,ERROR_PAGE,EMPTY_TITLE_INVALID_URL,,1,2,['select'],"['error', ""the link you've opened isn't working as expected""]",,31630,1.8578581809997559,"<html lang=""en"" style=""--default-icon-primary: #2b515c;""><head><meta charset=""utf-8""><title></title><link rel=""preconnect"" href=""https://fonts.googleapis.com""><link rel=""preconnect"" href=""https://fonts.gstatic.com"" crossorigin=""""><link href=""https://fonts.googleapis.com/css2?family=inter:ital,opsz,wght@0,14..32,100..900;1,14..32,100..900&amp;display=swap"" rel=""stylesheet""><link href=""https://fonts.googleapis.com/icon?family=material+icons"" rel=""stylesheet""><link rel=""stylesheet"" href=""https://fo",,2025-06-24T23:18:56.102377
MjU=,https://vsdigital-bookingwidget-prod.azurewebsites.net/b/MjU=,https://vsdigital-bookingwidget-prod.azurewebsites.net/widget,ERROR_PAGE,EMPTY_TITLE_INVALID_URL,,1,2,['select'],"['error', ""the link you've opened isn't working as expected""]",,31630,2.1932387351989746,"<html lang=""en"" style=""--default-icon-primary: #2b515c;""><head><meta charset=""utf-8""><title></title><link rel=""preconnect"" href=""https://fonts.googleapis.com""><link rel=""preconnect"" href=""https://fonts.gstatic.com"" crossorigin=""""><link href=""https://fonts.googleapis.com/css2?family=inter:ital,opsz,wght@0,14..32,100..900;1,14..32,100..900&amp;display=swap"" rel=""stylesheet""><link href=""https://fonts.googleapis.com/icon?family=material+icons"" rel=""stylesheet""><link rel=""stylesheet"" href=""https://fo",,2025-06-24T23:18:58.398312
MjY=,https://vsdigital-bookingwidget-prod.azurewebsites.net/b/MjY=,https://vsdigital-bookingwidget-prod.azurewebsites.net/widget,ERROR_PAGE,EMPTY_TITLE_INVALID_URL,,1,2,['select'],"['error', ""the link you've opened isn't working as expected""]",,31630,2.0516748428344727,"<html lang=""en"" style=""--default-icon-primary: #2b515c;""><head><meta charset=""utf-8""><title></title><link rel=""preconnect"" href=""https://fonts.googleapis.com""><link rel=""preconnect"" href=""https://fonts.gstatic.com"" crossorigin=""""><link href=""https://fonts.googleapis.com/css2?family=inter:ital,opsz,wght@0,14..32,100..900;1,14..32,100..900&amp;display=swap"" rel=""stylesheet""><link href=""https://fonts.googleapis.com/icon?family=material+icons"" rel=""stylesheet""><link rel=""stylesheet"" href=""https://fo",,2025-06-24T23:19:00.552587
Mjc=,https://vsdigital-bookingwidget-prod.azurewebsites.net/b/Mjc=,https://vsdigital-bookingwidget-prod.azurewebsites.net/widget,ERROR_PAGE,EMPTY_TITLE_INVALID_URL,,1,2,['select'],"['error', ""the link you've opened isn't working as expected""]",,31630,2.2002899646759033,"<html lang=""en"" style=""--default-icon-primary: #2b515c;""><head><meta charset=""utf-8""><title></title><link rel=""preconnect"" href=""https://fonts.googleapis.com""><link rel=""preconnect"" href=""https://fonts.gstatic.com"" crossorigin=""""><link href=""https://fonts.googleapis.com/css2?family=inter:ital,opsz,wght@0,14..32,100..900;1,14..32,100..900&amp;display=swap"" rel=""stylesheet""><link href=""https://fonts.googleapis.com/icon?family=material+icons"" rel=""stylesheet""><link rel=""stylesheet"" href=""https://fo",,2025-06-24T23:19:02.855705
Mjg=,https://vsdigital-bookingwidget-prod.azurewebsites.net/b/Mjg=,https://vsdigital-bookingwidget-prod.azurewebsites.net/widget,ERROR_PAGE,EMPTY_TITLE_INVALID_URL,,1,1,['select'],['error'],,26366,2.0189900398254395,"<html lang=""en"" style=""--default-icon-primary: #2b515c;""><head><meta charset=""utf-8""><title></title><link rel=""preconnect"" href=""https://fonts.googleapis.com""><link rel=""preconnect"" href=""https://fonts.gstatic.com"" crossorigin=""""><link href=""https://fonts.googleapis.com/css2?family=inter:ital,opsz,wght@0,14..32,100..900;1,14..32,100..900&amp;display=swap"" rel=""stylesheet""><link href=""https://fonts.googleapis.com/icon?family=material+icons"" rel=""stylesheet""><link rel=""stylesheet"" href=""https://fo",,2025-06-24T23:19:04.979805
Mjk=,https://vsdigital-bookingwidget-prod.azurewebsites.net/b/Mjk=,https://vsdigital-bookingwidget-prod.azurewebsites.net/widget,ERROR_PAGE,EMPTY_TITLE_INVALID_URL,,1,2,['select'],"['error', ""the link you've opened isn't working as expected""]",,31630,2.890302896499634,"<html lang=""en"" style=""--default-icon-primary: #2b515c;""><head><meta charset=""utf-8""><title></title><link rel=""preconnect"" href=""https://fonts.googleapis.com""><link rel=""preconnect"" href=""https://fonts.gstatic.com"" crossorigin=""""><link href=""https://fonts.googleapis.com/css2?family=inter:ital,opsz,wght@0,14..32,100..900;1,14..32,100..900&amp;display=swap"" rel=""stylesheet""><link href=""https://fonts.googleapis.com/icon?family=material+icons"" rel=""stylesheet""><link rel=""stylesheet"" href=""https://fo",,2025-06-24T23:19:07.976112
MzA=,https://vsdigital-bookingwidget-prod.azurewebsites.net/b/MzA=,https://vsdigital-bookingwidget-prod.azurewebsites.net/widget,ERROR_PAGE,EMPTY_TITLE_INVALID_URL,,1,2,['select'],"['error', ""the link you've opened isn't working as expected""]",,31630,2.5520336627960205,"<html lang=""en"" style=""--default-icon-primary: #2b515c;""><head><meta charset=""utf-8""><title></title><link rel=""preconnect"" href=""https://fonts.googleapis.com""><link rel=""preconnect"" href=""https://fonts.gstatic.com"" crossorigin=""""><link href=""https://fonts.googleapis.com/css2?family=inter:ital,opsz,wght@0,14..32,100..900;1,14..32,100..900&amp;display=swap"" rel=""stylesheet""><link href=""https://fonts.googleapis.com/icon?family=material+icons"" rel=""stylesheet""><link rel=""stylesheet"" href=""https://fo",,2025-06-24T23:19:10.633382
MzE=,https://vsdigital-bookingwidget-prod.azurewebsites.net/b/MzE=,https://vsdigital-bookingwidget-prod.azurewebsites.net/widget,ERROR_PAGE,EMPTY_TITLE_INVALID_URL,,1,2,['select'],"['error', ""the link you've opened isn't working as expected""]",,31630,2.0126659870147705,"<html lang=""en"" style=""--default-icon-primary: #2b515c;""><head><meta charset=""utf-8""><title></title><link rel=""preconnect"" href=""https://fonts.googleapis.com""><link rel=""preconnect"" href=""https://fonts.gstatic.com"" crossorigin=""""><link href=""https://fonts.googleapis.com/css2?family=inter:ital,opsz,wght@0,14..32,100..900;1,14..32,100..900&amp;display=swap"" rel=""stylesheet""><link href=""https://fonts.googleapis.com/icon?family=material+icons"" rel=""stylesheet""><link rel=""stylesheet"" href=""https://fo",,2025-06-24T23:19:12.752718
MzI=,https://vsdigital-bookingwidget-prod.azurewebsites.net/b/MzI=,https://vsdigital-bookingwidget-prod.azurewebsites.net/widget,ERROR_PAGE,EMPTY_TITLE_INVALID_URL,,1,2,['select'],"['error', ""the link you've opened isn't working as expected""]",,31630,2.5572099685668945,"<html lang=""en"" style=""--default-icon-primary: #2b515c;""><head><meta charset=""utf-8""><title></title><link rel=""preconnect"" href=""https://fonts.googleapis.com""><link rel=""preconnect"" href=""https://fonts.gstatic.com"" crossorigin=""""><link href=""https://fonts.googleapis.com/css2?family=inter:ital,opsz,wght@0,14..32,100..900;1,14..32,100..900&amp;display=swap"" rel=""stylesheet""><link href=""https://fonts.googleapis.com/icon?family=material+icons"" rel=""stylesheet""><link rel=""stylesheet"" href=""https://fo",,2025-06-24T23:19:15.412759
MzM=,https://vsdigital-bookingwidget-prod.azurewebsites.net/b/MzM=,https://vsdigital-bookingwidget-prod.azurewebsites.net/widget,ERROR_PAGE,EMPTY_TITLE_INVALID_URL,,1,2,['select'],"['error', ""the link you've opened isn't working as expected""]",,31630,2.0762290954589844,"<html lang=""en"" style=""--default-icon-primary: #2b515c;""><head><meta charset=""utf-8""><title></title><link rel=""preconnect"" href=""https://fonts.googleapis.com""><link rel=""preconnect"" href=""https://fonts.gstatic.com"" crossorigin=""""><link href=""https://fonts.googleapis.com/css2?family=inter:ital,opsz,wght@0,14..32,100..900;1,14..32,100..900&amp;display=swap"" rel=""stylesheet""><link href=""https://fonts.googleapis.com/icon?family=material+icons"" rel=""stylesheet""><link rel=""stylesheet"" href=""https://fo",,2025-06-24T23:19:17.595105
MzQ=,https://vsdigital-bookingwidget-prod.azurewebsites.net/b/MzQ=,https://vsdigital-bookingwidget-prod.azurewebsites.net/widget,ERROR_PAGE,EMPTY_TITLE_INVALID_URL,,1,2,['select'],"['error', ""the link you've opened isn't working as expected""]",,31630,2.763396978378296,"<html lang=""en"" style=""--default-icon-primary: #2b515c;""><head><meta charset=""utf-8""><title></title><link rel=""preconnect"" href=""https://fonts.googleapis.com""><link rel=""preconnect"" href=""https://fonts.gstatic.com"" crossorigin=""""><link href=""https://fonts.googleapis.com/css2?family=inter:ital,opsz,wght@0,14..32,100..900;1,14..32,100..900&amp;display=swap"" rel=""stylesheet""><link href=""https://fonts.googleapis.com/icon?family=material+icons"" rel=""stylesheet""><link rel=""stylesheet"" href=""https://fo",,2025-06-24T23:19:20.460383
MzU=,https://vsdigital-bookingwidget-prod.azurewebsites.net/b/MzU=,https://vsdigital-bookingwidget-prod.azurewebsites.net/widget,ERROR_PAGE,EMPTY_TITLE_INVALID_URL,,1,2,['select'],"['error', ""the link you've opened isn't working as expected""]",,31630,2.2326951026916504,"<html lang=""en"" style=""--default-icon-primary: #2b515c;""><head><meta charset=""utf-8""><title></title><link rel=""preconnect"" href=""https://fonts.googleapis.com""><link rel=""preconnect"" href=""https://fonts.gstatic.com"" crossorigin=""""><link href=""https://fonts.googleapis.com/css2?family=inter:ital,opsz,wght@0,14..32,100..900;1,14..32,100..900&amp;display=swap"" rel=""stylesheet""><link href=""https://fonts.googleapis.com/icon?family=material+icons"" rel=""stylesheet""><link rel=""stylesheet"" href=""https://fo",,2025-06-24T23:19:22.795613
MzY=,https://vsdigital-bookingwidget-prod.azurewebsites.net/b/MzY=,https://vsdigital-bookingwidget-prod.azurewebsites.net/widget,ERROR_PAGE,EMPTY_TITLE_INVALID_URL,,1,2,['select'],"['error', ""the link you've opened isn't working as expected""]",,31630,1.9618327617645264,"<html lang=""en"" style=""--default-icon-primary: #2b515c;""><head><meta charset=""utf-8""><title></title><link rel=""preconnect"" href=""https://fonts.googleapis.com""><link rel=""preconnect"" href=""https://fonts.gstatic.com"" crossorigin=""""><link href=""https://fonts.googleapis.com/css2?family=inter:ital,opsz,wght@0,14..32,100..900;1,14..32,100..900&amp;display=swap"" rel=""stylesheet""><link href=""https://fonts.googleapis.com/icon?family=material+icons"" rel=""stylesheet""><link rel=""stylesheet"" href=""https://fo",,2025-06-24T23:19:24.860090
Mzc=,https://vsdigital-bookingwidget-prod.azurewebsites.net/b/Mzc=,https://vsdigital-bookingwidget-prod.azurewebsites.net/widget,ERROR_PAGE,EMPTY_TITLE_INVALID_URL,,1,2,['select'],"['error', ""the link you've opened isn't working as expected""]",,31630,2.1069419384002686,"<html lang=""en"" style=""--default-icon-primary: #2b515c;""><head><meta charset=""utf-8""><title></title><link rel=""preconnect"" href=""https://fonts.googleapis.com""><link rel=""preconnect"" href=""https://fonts.gstatic.com"" crossorigin=""""><link href=""https://fonts.googleapis.com/css2?family=inter:ital,opsz,wght@0,14..32,100..900;1,14..32,100..900&amp;display=swap"" rel=""stylesheet""><link href=""https://fonts.googleapis.com/icon?family=material+icons"" rel=""stylesheet""><link rel=""stylesheet"" href=""https://fo",,2025-06-24T23:19:27.072494
Mzg=,https://vsdigital-bookingwidget-prod.azurewebsites.net/b/Mzg=,https://vsdigital-bookingwidget-prod.azurewebsites.net/widget,ERROR_PAGE,EMPTY_TITLE_INVALID_URL,,1,2,['select'],"['error', ""the link you've opened isn't working as expected""]",,31630,2.070513963699341,"<html lang=""en"" style=""--default-icon-primary: #2b515c;""><head><meta charset=""utf-8""><title></title><link rel=""preconnect"" href=""https://fonts.googleapis.com""><link rel=""preconnect"" href=""https://fonts.gstatic.com"" crossorigin=""""><link href=""https://fonts.googleapis.com/css2?family=inter:ital,opsz,wght@0,14..32,100..900;1,14..32,100..900&amp;display=swap"" rel=""stylesheet""><link href=""https://fonts.googleapis.com/icon?family=material+icons"" rel=""stylesheet""><link rel=""stylesheet"" href=""https://fo",,2025-06-24T23:19:29.246020
Mzk=,https://vsdigital-bookingwidget-prod.azurewebsites.net/b/Mzk=,https://vsdigital-bookingwidget-prod.azurewebsites.net/widget,ERROR_PAGE,EMPTY_TITLE_INVALID_URL,,1,2,['select'],"['error', ""the link you've opened isn't working as expected""]",,31630,2.067876100540161,"<html lang=""en"" style=""--default-icon-primary: #2b515c;""><head><meta charset=""utf-8""><title></title><link rel=""preconnect"" href=""https://fonts.googleapis.com""><link rel=""preconnect"" href=""https://fonts.gstatic.com"" crossorigin=""""><link href=""https://fonts.googleapis.com/css2?family=inter:ital,opsz,wght@0,14..32,100..900;1,14..32,100..900&amp;display=swap"" rel=""stylesheet""><link href=""https://fonts.googleapis.com/icon?family=material+icons"" rel=""stylesheet""><link rel=""stylesheet"" href=""https://fo",,2025-06-24T23:19:31.420009
NDA=,https://vsdigital-bookingwidget-prod.azurewebsites.net/b/NDA=,https://vsdigital-bookingwidget-prod.azurewebsites.net/widget,ERROR_PAGE,EMPTY_TITLE_INVALID_URL,,1,2,['select'],"['error', ""the link you've opened isn't working as expected""]",,31630,2.082685947418213,"<html lang=""en"" style=""--default-icon-primary: #2b515c;""><head><meta charset=""utf-8""><title></title><link rel=""preconnect"" href=""https://fonts.googleapis.com""><link rel=""preconnect"" href=""https://fonts.gstatic.com"" crossorigin=""""><link href=""https://fonts.googleapis.com/css2?family=inter:ital,opsz,wght@0,14..32,100..900;1,14..32,100..900&amp;display=swap"" rel=""stylesheet""><link href=""https://fonts.googleapis.com/icon?family=material+icons"" rel=""stylesheet""><link rel=""stylesheet"" href=""https://fo",,2025-06-24T23:19:33.604709
NDE=,https://vsdigital-bookingwidget-prod.azurewebsites.net/b/NDE=,https://vsdigital-bookingwidget-prod.azurewebsites.net/widget,ERROR_PAGE,EMPTY_TITLE_INVALID_URL,,1,2,['select'],"['error', ""the link you've opened isn't working as expected""]",,31630,2.0935680866241455,"<html lang=""en"" style=""--default-icon-primary: #2b515c;""><head><meta charset=""utf-8""><title></title><link rel=""preconnect"" href=""https://fonts.googleapis.com""><link rel=""preconnect"" href=""https://fonts.gstatic.com"" crossorigin=""""><link href=""https://fonts.googleapis.com/css2?family=inter:ital,opsz,wght@0,14..32,100..900;1,14..32,100..900&amp;display=swap"" rel=""stylesheet""><link href=""https://fonts.googleapis.com/icon?family=material+icons"" rel=""stylesheet""><link rel=""stylesheet"" href=""https://fo",,2025-06-24T23:19:35.804623
NDI=,https://vsdigital-bookingwidget-prod.azurewebsites.net/b/NDI=,https://vsdigital-bookingwidget-prod.azurewebsites.net/widget,ERROR_PAGE,EMPTY_TITLE_INVALID_URL,,1,2,['select'],"['error', ""the link you've opened isn't working as expected""]",,31630,2.241356134414673,"<html lang=""en"" style=""--default-icon-primary: #2b515c;""><head><meta charset=""utf-8""><title></title><link rel=""preconnect"" href=""https://fonts.googleapis.com""><link rel=""preconnect"" href=""https://fonts.gstatic.com"" crossorigin=""""><link href=""https://fonts.googleapis.com/css2?family=inter:ital,opsz,wght@0,14..32,100..900;1,14..32,100..900&amp;display=swap"" rel=""stylesheet""><link href=""https://fonts.googleapis.com/icon?family=material+icons"" rel=""stylesheet""><link rel=""stylesheet"" href=""https://fo",,2025-06-24T23:19:38.148027
NDM=,https://vsdigital-bookingwidget-prod.azurewebsites.net/b/NDM=,https://vsdigital-bookingwidget-prod.azurewebsites.net/widget,ERROR_PAGE,EMPTY_TITLE_INVALID_URL,,1,2,['select'],"['error', ""the link you've opened isn't working as expected""]",,31630,2.380213975906372,"<html lang=""en"" style=""--default-icon-primary: #2b515c;""><head><meta charset=""utf-8""><title></title><link rel=""preconnect"" href=""https://fonts.googleapis.com""><link rel=""preconnect"" href=""https://fonts.gstatic.com"" crossorigin=""""><link href=""https://fonts.googleapis.com/css2?family=inter:ital,opsz,wght@0,14..32,100..900;1,14..32,100..900&amp;display=swap"" rel=""stylesheet""><link href=""https://fonts.googleapis.com/icon?family=material+icons"" rel=""stylesheet""><link rel=""stylesheet"" href=""https://fo",,2025-06-24T23:19:40.634049
NDQ=,https://vsdigital-bookingwidget-prod.azurewebsites.net/b/NDQ=,https://vsdigital-bookingwidget-prod.azurewebsites.net/widget,ERROR_PAGE,EMPTY_TITLE_INVALID_URL,,1,2,['select'],"['error', ""the link you've opened isn't working as expected""]",,31630,2.079012155532837,"<html lang=""en"" style=""--default-icon-primary: #2b515c;""><head><meta charset=""utf-8""><title></title><link rel=""preconnect"" href=""https://fonts.googleapis.com""><link rel=""preconnect"" href=""https://fonts.gstatic.com"" crossorigin=""""><link href=""https://fonts.googleapis.com/css2?family=inter:ital,opsz,wght@0,14..32,100..900;1,14..32,100..900&amp;display=swap"" rel=""stylesheet""><link href=""https://fonts.googleapis.com/icon?family=material+icons"" rel=""stylesheet""><link rel=""stylesheet"" href=""https://fo",,2025-06-24T23:19:42.817821
NDU=,https://vsdigital-bookingwidget-prod.azurewebsites.net/b/NDU=,https://vsdigital-bookingwidget-prod.azurewebsites.net/widget,ERROR_PAGE,EMPTY_TITLE_INVALID_URL,,1,2,['select'],"['error', ""the link you've opened isn't working as expected""]",,31630,2.590939998626709,"<html lang=""en"" style=""--default-icon-primary: #2b515c;""><head><meta charset=""utf-8""><title></title><link rel=""preconnect"" href=""https://fonts.googleapis.com""><link rel=""preconnect"" href=""https://fonts.gstatic.com"" crossorigin=""""><link href=""https://fonts.googleapis.com/css2?family=inter:ital,opsz,wght@0,14..32,100..900;1,14..32,100..900&amp;display=swap"" rel=""stylesheet""><link href=""https://fonts.googleapis.com/icon?family=material+icons"" rel=""stylesheet""><link rel=""stylesheet"" href=""https://fo",,2025-06-24T23:19:45.511296
NDY=,https://vsdigital-bookingwidget-prod.azurewebsites.net/b/NDY=,https://vsdigital-bookingwidget-prod.azurewebsites.net/widget,ERROR_PAGE,EMPTY_TITLE_INVALID_URL,,1,2,['select'],"['error', ""the link you've opened isn't working as expected""]",,31630,2.0843071937561035,"<html lang=""en"" style=""--default-icon-primary: #2b515c;""><head><meta charset=""utf-8""><title></title><link rel=""preconnect"" href=""https://fonts.googleapis.com""><link rel=""preconnect"" href=""https://fonts.gstatic.com"" crossorigin=""""><link href=""https://fonts.googleapis.com/css2?family=inter:ital,opsz,wght@0,14..32,100..900;1,14..32,100..900&amp;display=swap"" rel=""stylesheet""><link href=""https://fonts.googleapis.com/icon?family=material+icons"" rel=""stylesheet""><link rel=""stylesheet"" href=""https://fo",,2025-06-24T23:19:47.697446
NDc=,https://vsdigital-bookingwidget-prod.azurewebsites.net/b/NDc=,https://vsdigital-bookingwidget-prod.azurewebsites.net/widget,ERROR_PAGE,EMPTY_TITLE_INVALID_URL,,1,2,['select'],"['error', ""the link you've opened isn't working as expected""]",,31630,2.940262794494629,"<html lang=""en"" style=""--default-icon-primary: #2b515c;""><head><meta charset=""utf-8""><title></title><link rel=""preconnect"" href=""https://fonts.googleapis.com""><link rel=""preconnect"" href=""https://fonts.gstatic.com"" crossorigin=""""><link href=""https://fonts.googleapis.com/css2?family=inter:ital,opsz,wght@0,14..32,100..900;1,14..32,100..900&amp;display=swap"" rel=""stylesheet""><link href=""https://fonts.googleapis.com/icon?family=material+icons"" rel=""stylesheet""><link rel=""stylesheet"" href=""https://fo",,2025-06-24T23:19:50.744287
NDg=,https://vsdigital-bookingwidget-prod.azurewebsites.net/b/NDg=,https://vsdigital-bookingwidget-prod.azurewebsites.net/widget,ERROR_PAGE,EMPTY_TITLE_INVALID_URL,,1,2,['select'],"['error', ""the link you've opened isn't working as expected""]",,31630,2.2072341442108154,"<html lang=""en"" style=""--default-icon-primary: #2b515c;""><head><meta charset=""utf-8""><title></title><link rel=""preconnect"" href=""https://fonts.googleapis.com""><link rel=""preconnect"" href=""https://fonts.gstatic.com"" crossorigin=""""><link href=""https://fonts.googleapis.com/css2?family=inter:ital,opsz,wght@0,14..32,100..900;1,14..32,100..900&amp;display=swap"" rel=""stylesheet""><link href=""https://fonts.googleapis.com/icon?family=material+icons"" rel=""stylesheet""><link rel=""stylesheet"" href=""https://fo",,2025-06-24T23:19:53.055036
NDk=,https://vsdigital-bookingwidget-prod.azurewebsites.net/b/NDk=,https://vsdigital-bookingwidget-prod.azurewebsites.net/widget,ERROR_PAGE,EMPTY_TITLE_INVALID_URL,,1,2,['select'],"['error', ""the link you've opened isn't working as expected""]",,31630,2.0410828590393066,"<html lang=""en"" style=""--default-icon-primary: #2b515c;""><head><meta charset=""utf-8""><title></title><link rel=""preconnect"" href=""https://fonts.googleapis.com""><link rel=""preconnect"" href=""https://fonts.gstatic.com"" crossorigin=""""><link href=""https://fonts.googleapis.com/css2?family=inter:ital,opsz,wght@0,14..32,100..900;1,14..32,100..900&amp;display=swap"" rel=""stylesheet""><link href=""https://fonts.googleapis.com/icon?family=material+icons"" rel=""stylesheet""><link rel=""stylesheet"" href=""https://fo",,2025-06-24T23:19:55.198154
NTA=,https://vsdigital-bookingwidget-prod.azurewebsites.net/b/NTA=,https://vsdigital-bookingwidget-prod.azurewebsites.net/widget,ERROR_PAGE,EMPTY_TITLE_INVALID_URL,,1,2,['select'],"['error', ""the link you've opened isn't working as expected""]",,31630,2.055367946624756,"<html lang=""en"" style=""--default-icon-primary: #2b515c;""><head><meta charset=""utf-8""><title></title><link rel=""preconnect"" href=""https://fonts.googleapis.com""><link rel=""preconnect"" href=""https://fonts.gstatic.com"" crossorigin=""""><link href=""https://fonts.googleapis.com/css2?family=inter:ital,opsz,wght@0,14..32,100..900;1,14..32,100..900&amp;display=swap"" rel=""stylesheet""><link href=""https://fonts.googleapis.com/icon?family=material+icons"" rel=""stylesheet""><link rel=""stylesheet"" href=""https://fo",,2025-06-24T23:19:57.358942
NTE=,https://vsdigital-bookingwidget-prod.azurewebsites.net/b/NTE=,https://vsdigital-bookingwidget-prod.azurewebsites.net/widget,ERROR_PAGE,EMPTY_TITLE_INVALID_URL,,1,2,['select'],"['error', ""the link you've opened isn't working as expected""]",,31630,2.205034017562866,"<html lang=""en"" style=""--default-icon-primary: #2b515c;""><head><meta charset=""utf-8""><title></title><link rel=""preconnect"" href=""https://fonts.googleapis.com""><link rel=""preconnect"" href=""https://fonts.gstatic.com"" crossorigin=""""><link href=""https://fonts.googleapis.com/css2?family=inter:ital,opsz,wght@0,14..32,100..900;1,14..32,100..900&amp;display=swap"" rel=""stylesheet""><link href=""https://fonts.googleapis.com/icon?family=material+icons"" rel=""stylesheet""><link rel=""stylesheet"" href=""https://fo",,2025-06-24T23:19:59.675886
NTI=,https://vsdigital-bookingwidget-prod.azurewebsites.net/b/NTI=,https://vsdigital-bookingwidget-prod.azurewebsites.net/widget,ERROR_PAGE,EMPTY_TITLE_INVALID_URL,,1,2,['select'],"['error', ""the link you've opened isn't working as expected""]",,31630,2.031878709793091,"<html lang=""en"" style=""--default-icon-primary: #2b515c;""><head><meta charset=""utf-8""><title></title><link rel=""preconnect"" href=""https://fonts.googleapis.com""><link rel=""preconnect"" href=""https://fonts.gstatic.com"" crossorigin=""""><link href=""https://fonts.googleapis.com/css2?family=inter:ital,opsz,wght@0,14..32,100..900;1,14..32,100..900&amp;display=swap"" rel=""stylesheet""><link href=""https://fonts.googleapis.com/icon?family=material+icons"" rel=""stylesheet""><link rel=""stylesheet"" href=""https://fo",,2025-06-24T23:20:01.814244
NTM=,https://vsdigital-bookingwidget-prod.azurewebsites.net/b/NTM=,https://vsdigital-bookingwidget-prod.azurewebsites.net/widget,ERROR_PAGE,EMPTY_TITLE_INVALID_URL,,1,2,['select'],"['error', ""the link you've opened isn't working as expected""]",,31630,2.0557010173797607,"<html lang=""en"" style=""--default-icon-primary: #2b515c;""><head><meta charset=""utf-8""><title></title><link rel=""preconnect"" href=""https://fonts.googleapis.com""><link rel=""preconnect"" href=""https://fonts.gstatic.com"" crossorigin=""""><link href=""https://fonts.googleapis.com/css2?family=inter:ital,opsz,wght@0,14..32,100..900;1,14..32,100..900&amp;display=swap"" rel=""stylesheet""><link href=""https://fonts.googleapis.com/icon?family=material+icons"" rel=""stylesheet""><link rel=""stylesheet"" href=""https://fo",,2025-06-24T23:20:03.976446
NTQ=,https://vsdigital-bookingwidget-prod.azurewebsites.net/b/NTQ=,https://vsdigital-bookingwidget-prod.azurewebsites.net/widget,ERROR_PAGE,EMPTY_TITLE_INVALID_URL,,1,2,['select'],"['error', ""the link you've opened isn't working as expected""]",,31630,2.231020212173462,"<html lang=""en"" style=""--default-icon-primary: #2b515c;""><head><meta charset=""utf-8""><title></title><link rel=""preconnect"" href=""https://fonts.googleapis.com""><link rel=""preconnect"" href=""https://fonts.gstatic.com"" crossorigin=""""><link href=""https://fonts.googleapis.com/css2?family=inter:ital,opsz,wght@0,14..32,100..900;1,14..32,100..900&amp;display=swap"" rel=""stylesheet""><link href=""https://fonts.googleapis.com/icon?family=material+icons"" rel=""stylesheet""><link rel=""stylesheet"" href=""https://fo",,2025-06-24T23:20:06.313645
NTU=,https://vsdigital-bookingwidget-prod.azurewebsites.net/b/NTU=,https://vsdigital-bookingwidget-prod.azurewebsites.net/widget,ERROR_PAGE,EMPTY_TITLE_INVALID_URL,,1,2,['select'],"['error', ""the link you've opened isn't working as expected""]",,31630,1.8526380062103271,"<html lang=""en"" style=""--default-icon-primary: #2b515c;""><head><meta charset=""utf-8""><title></title><link rel=""preconnect"" href=""https://fonts.googleapis.com""><link rel=""preconnect"" href=""https://fonts.gstatic.com"" crossorigin=""""><link href=""https://fonts.googleapis.com/css2?family=inter:ital,opsz,wght@0,14..32,100..900;1,14..32,100..900&amp;display=swap"" rel=""stylesheet""><link href=""https://fonts.googleapis.com/icon?family=material+icons"" rel=""stylesheet""><link rel=""stylesheet"" href=""https://fo",,2025-06-24T23:20:08.272309
NTY=,https://vsdigital-bookingwidget-prod.azurewebsites.net/b/NTY=,https://vsdigital-bookingwidget-prod.azurewebsites.net/widget,ERROR_PAGE,EMPTY_TITLE_INVALID_URL,,1,2,['select'],"['error', ""the link you've opened isn't working as expected""]",,31630,2.0783140659332275,"<html lang=""en"" style=""--default-icon-primary: #2b515c;""><head><meta charset=""utf-8""><title></title><link rel=""preconnect"" href=""https://fonts.googleapis.com""><link rel=""preconnect"" href=""https://fonts.gstatic.com"" crossorigin=""""><link href=""https://fonts.googleapis.com/css2?family=inter:ital,opsz,wght@0,14..32,100..900;1,14..32,100..900&amp;display=swap"" rel=""stylesheet""><link href=""https://fonts.googleapis.com/icon?family=material+icons"" rel=""stylesheet""><link rel=""stylesheet"" href=""https://fo",,2025-06-24T23:20:10.453699
NTc=,https://vsdigital-bookingwidget-prod.azurewebsites.net/b/NTc=,https://vsdigital-bookingwidget-prod.azurewebsites.net/widget,ERROR_PAGE,EMPTY_TITLE_INVALID_URL,,1,2,['select'],"['error', ""the link you've opened isn't working as expected""]",,31630,1.8941481113433838,"<html lang=""en"" style=""--default-icon-primary: #2b515c;""><head><meta charset=""utf-8""><title></title><link rel=""preconnect"" href=""https://fonts.googleapis.com""><link rel=""preconnect"" href=""https://fonts.gstatic.com"" crossorigin=""""><link href=""https://fonts.googleapis.com/css2?family=inter:ital,opsz,wght@0,14..32,100..900;1,14..32,100..900&amp;display=swap"" rel=""stylesheet""><link href=""https://fonts.googleapis.com/icon?family=material+icons"" rel=""stylesheet""><link rel=""stylesheet"" href=""https://fo",,2025-06-24T23:20:12.454575
NTg=,https://vsdigital-bookingwidget-prod.azurewebsites.net/b/NTg=,https://vsdigital-bookingwidget-prod.azurewebsites.net/widget,ERROR_PAGE,EMPTY_TITLE_INVALID_URL,,1,2,['select'],"['error', ""the link you've opened isn't working as expected""]",,31630,2.5269877910614014,"<html lang=""en"" style=""--default-icon-primary: #2b515c;""><head><meta charset=""utf-8""><title></title><link rel=""preconnect"" href=""https://fonts.googleapis.com""><link rel=""preconnect"" href=""https://fonts.gstatic.com"" crossorigin=""""><link href=""https://fonts.googleapis.com/css2?family=inter:ital,opsz,wght@0,14..32,100..900;1,14..32,100..900&amp;display=swap"" rel=""stylesheet""><link href=""https://fonts.googleapis.com/icon?family=material+icons"" rel=""stylesheet""><link rel=""stylesheet"" href=""https://fo",,2025-06-24T23:20:15.087711
NTk=,https://vsdigital-bookingwidget-prod.azurewebsites.net/b/NTk=,https://vsdigital-bookingwidget-prod.azurewebsites.net/widget,ERROR_PAGE,EMPTY_TITLE_INVALID_URL,,1,2,['select'],"['error', ""the link you've opened isn't working as expected""]",,31630,2.809945821762085,"<html lang=""en"" style=""--default-icon-primary: #2b515c;""><head><meta charset=""utf-8""><title></title><link rel=""preconnect"" href=""https://fonts.googleapis.com""><link rel=""preconnect"" href=""https://fonts.gstatic.com"" crossorigin=""""><link href=""https://fonts.googleapis.com/css2?family=inter:ital,opsz,wght@0,14..32,100..900;1,14..32,100..900&amp;display=swap"" rel=""stylesheet""><link href=""https://fonts.googleapis.com/icon?family=material+icons"" rel=""stylesheet""><link rel=""stylesheet"" href=""https://fo",,2025-06-24T23:20:18.004073
NjA=,https://vsdigital-bookingwidget-prod.azurewebsites.net/b/NjA=,https://vsdigital-bookingwidget-prod.azurewebsites.net/widget,ERROR_PAGE,EMPTY_TITLE_INVALID_URL,,1,2,['select'],"['error', ""the link you've opened isn't working as expected""]",,31630,3.001749038696289,"<html lang=""en"" style=""--default-icon-primary: #2b515c;""><head><meta charset=""utf-8""><title></title><link rel=""preconnect"" href=""https://fonts.googleapis.com""><link rel=""preconnect"" href=""https://fonts.gstatic.com"" crossorigin=""""><link href=""https://fonts.googleapis.com/css2?family=inter:ital,opsz,wght@0,14..32,100..900;1,14..32,100..900&amp;display=swap"" rel=""stylesheet""><link href=""https://fonts.googleapis.com/icon?family=material+icons"" rel=""stylesheet""><link rel=""stylesheet"" href=""https://fo",,2025-06-24T23:20:21.109778
NjE=,https://vsdigital-bookingwidget-prod.azurewebsites.net/b/NjE=,https://vsdigital-bookingwidget-prod.azurewebsites.net/widget,ERROR_PAGE,EMPTY_TITLE_INVALID_URL,,1,2,['select'],"['error', ""the link you've opened isn't working as expected""]",,31630,2.41060209274292,"<html lang=""en"" style=""--default-icon-primary: #2b515c;""><head><meta charset=""utf-8""><title></title><link rel=""preconnect"" href=""https://fonts.googleapis.com""><link rel=""preconnect"" href=""https://fonts.gstatic.com"" crossorigin=""""><link href=""https://fonts.googleapis.com/css2?family=inter:ital,opsz,wght@0,14..32,100..900;1,14..32,100..900&amp;display=swap"" rel=""stylesheet""><link href=""https://fonts.googleapis.com/icon?family=material+icons"" rel=""stylesheet""><link rel=""stylesheet"" href=""https://fo",,2025-06-24T23:20:23.627887
NjI=,https://vsdigital-bookingwidget-prod.azurewebsites.net/b/NjI=,https://vsdigital-bookingwidget-prod.azurewebsites.net/widget,ERROR_PAGE,EMPTY_TITLE_INVALID_URL,,1,2,['select'],"['error', ""the link you've opened isn't working as expected""]",,31630,2.612623929977417,"<html lang=""en"" style=""--default-icon-primary: #2b515c;""><head><meta charset=""utf-8""><title></title><link rel=""preconnect"" href=""https://fonts.googleapis.com""><link rel=""preconnect"" href=""https://fonts.gstatic.com"" crossorigin=""""><link href=""https://fonts.googleapis.com/css2?family=inter:ital,opsz,wght@0,14..32,100..900;1,14..32,100..900&amp;display=swap"" rel=""stylesheet""><link href=""https://fonts.googleapis.com/icon?family=material+icons"" rel=""stylesheet""><link rel=""stylesheet"" href=""https://fo",,2025-06-24T23:20:26.346205
NjM=,https://vsdigital-bookingwidget-prod.azurewebsites.net/b/NjM=,https://vsdigital-bookingwidget-prod.azurewebsites.net/widget,ERROR_PAGE,EMPTY_TITLE_INVALID_URL,,1,2,['select'],"['error', ""the link you've opened isn't working as expected""]",,31630,2.228088140487671,"<html lang=""en"" style=""--default-icon-primary: #2b515c;""><head><meta charset=""utf-8""><title></title><link rel=""preconnect"" href=""https://fonts.googleapis.com""><link rel=""preconnect"" href=""https://fonts.gstatic.com"" crossorigin=""""><link href=""https://fonts.googleapis.com/css2?family=inter:ital,opsz,wght@0,14..32,100..900;1,14..32,100..900&amp;display=swap"" rel=""stylesheet""><link href=""https://fonts.googleapis.com/icon?family=material+icons"" rel=""stylesheet""><link rel=""stylesheet"" href=""https://fo",,2025-06-24T23:20:28.675127
NjQ=,https://vsdigital-bookingwidget-prod.azurewebsites.net/b/NjQ=,https://vsdigital-bookingwidget-prod.azurewebsites.net/widget,ERROR_PAGE,EMPTY_TITLE_INVALID_URL,,1,2,['select'],"['error', ""the link you've opened isn't working as expected""]",,31630,2.03865385055542,"<html lang=""en"" style=""--default-icon-primary: #2b515c;""><head><meta charset=""utf-8""><title></title><link rel=""preconnect"" href=""https://fonts.googleapis.com""><link rel=""preconnect"" href=""https://fonts.gstatic.com"" crossorigin=""""><link href=""https://fonts.googleapis.com/css2?family=inter:ital,opsz,wght@0,14..32,100..900;1,14..32,100..900&amp;display=swap"" rel=""stylesheet""><link href=""https://fonts.googleapis.com/icon?family=material+icons"" rel=""stylesheet""><link rel=""stylesheet"" href=""https://fo",,2025-06-24T23:20:30.816452
NjU=,https://vsdigital-bookingwidget-prod.azurewebsites.net/b/NjU=,https://vsdigital-bookingwidget-prod.azurewebsites.net/widget,ERROR_PAGE,EMPTY_TITLE_INVALID_URL,,1,2,['select'],"['error', ""the link you've opened isn't working as expected""]",,31630,2.201465129852295,"<html lang=""en"" style=""--default-icon-primary: #2b515c;""><head><meta charset=""utf-8""><title></title><link rel=""preconnect"" href=""https://fonts.googleapis.com""><link rel=""preconnect"" href=""https://fonts.gstatic.com"" crossorigin=""""><link href=""https://fonts.googleapis.com/css2?family=inter:ital,opsz,wght@0,14..32,100..900;1,14..32,100..900&amp;display=swap"" rel=""stylesheet""><link href=""https://fonts.googleapis.com/icon?family=material+icons"" rel=""stylesheet""><link rel=""stylesheet"" href=""https://fo",,2025-06-24T23:20:33.120928
NjY=,https://vsdigital-bookingwidget-prod.azurewebsites.net/b/NjY=,https://vsdigital-bookingwidget-prod.azurewebsites.net/widget,ERROR_PAGE,EMPTY_TITLE_INVALID_URL,,1,2,['select'],"['error', ""the link you've opened isn't working as expected""]",,31630,2.084639072418213,"<html lang=""en"" style=""--default-icon-primary: #2b515c;""><head><meta charset=""utf-8""><title></title><link rel=""preconnect"" href=""https://fonts.googleapis.com""><link rel=""preconnect"" href=""https://fonts.gstatic.com"" crossorigin=""""><link href=""https://fonts.googleapis.com/css2?family=inter:ital,opsz,wght@0,14..32,100..900;1,14..32,100..900&amp;display=swap"" rel=""stylesheet""><link href=""https://fonts.googleapis.com/icon?family=material+icons"" rel=""stylesheet""><link rel=""stylesheet"" href=""https://fo",,2025-06-24T23:20:35.311436
Njc=,https://vsdigital-bookingwidget-prod.azurewebsites.net/b/Njc=,https://vsdigital-bookingwidget-prod.azurewebsites.net/widget,ERROR_PAGE,EMPTY_TITLE_INVALID_URL,,1,2,['select'],"['error', ""the link you've opened isn't working as expected""]",,31630,2.378711223602295,"<html lang=""en"" style=""--default-icon-primary: #2b515c;""><head><meta charset=""utf-8""><title></title><link rel=""preconnect"" href=""https://fonts.googleapis.com""><link rel=""preconnect"" href=""https://fonts.gstatic.com"" crossorigin=""""><link href=""https://fonts.googleapis.com/css2?family=inter:ital,opsz,wght@0,14..32,100..900;1,14..32,100..900&amp;display=swap"" rel=""stylesheet""><link href=""https://fonts.googleapis.com/icon?family=material+icons"" rel=""stylesheet""><link rel=""stylesheet"" href=""https://fo",,2025-06-24T23:20:37.791206
Njg=,https://vsdigital-bookingwidget-prod.azurewebsites.net/b/Njg=,https://vsdigital-bookingwidget-prod.azurewebsites.net/widget,ERROR_PAGE,EMPTY_TITLE_INVALID_URL,,1,2,['select'],"['error', ""the link you've opened isn't working as expected""]",,31630,2.370628833770752,"<html lang=""en"" style=""--default-icon-primary: #2b515c;""><head><meta charset=""utf-8""><title></title><link rel=""preconnect"" href=""https://fonts.googleapis.com""><link rel=""preconnect"" href=""https://fonts.gstatic.com"" crossorigin=""""><link href=""https://fonts.googleapis.com/css2?family=inter:ital,opsz,wght@0,14..32,100..900;1,14..32,100..900&amp;display=swap"" rel=""stylesheet""><link href=""https://fonts.googleapis.com/icon?family=material+icons"" rel=""stylesheet""><link rel=""stylesheet"" href=""https://fo",,2025-06-24T23:20:40.266655
Njk=,https://vsdigital-bookingwidget-prod.azurewebsites.net/b/Njk=,https://vsdigital-bookingwidget-prod.azurewebsites.net/widget,ERROR_PAGE,EMPTY_TITLE_INVALID_URL,,1,2,['select'],"['error', ""the link you've opened isn't working as expected""]",,31630,2.3838257789611816,"<html lang=""en"" style=""--default-icon-primary: #2b515c;""><head><meta charset=""utf-8""><title></title><link rel=""preconnect"" href=""https://fonts.googleapis.com""><link rel=""preconnect"" href=""https://fonts.gstatic.com"" crossorigin=""""><link href=""https://fonts.googleapis.com/css2?family=inter:ital,opsz,wght@0,14..32,100..900;1,14..32,100..900&amp;display=swap"" rel=""stylesheet""><link href=""https://fonts.googleapis.com/icon?family=material+icons"" rel=""stylesheet""><link rel=""stylesheet"" href=""https://fo",,2025-06-24T23:20:42.752659
NzA=,https://vsdigital-bookingwidget-prod.azurewebsites.net/b/NzA=,https://vsdigital-bookingwidget-prod.azurewebsites.net/widget,ERROR_PAGE,EMPTY_TITLE_INVALID_URL,,1,2,['select'],"['error', ""the link you've opened isn't working as expected""]",,31630,2.739858865737915,"<html lang=""en"" style=""--default-icon-primary: #2b515c;""><head><meta charset=""utf-8""><title></title><link rel=""preconnect"" href=""https://fonts.googleapis.com""><link rel=""preconnect"" href=""https://fonts.gstatic.com"" crossorigin=""""><link href=""https://fonts.googleapis.com/css2?family=inter:ital,opsz,wght@0,14..32,100..900;1,14..32,100..900&amp;display=swap"" rel=""stylesheet""><link href=""https://fonts.googleapis.com/icon?family=material+icons"" rel=""stylesheet""><link rel=""stylesheet"" href=""https://fo",,2025-06-24T23:20:45.595667
NzE=,https://vsdigital-bookingwidget-prod.azurewebsites.net/b/NzE=,https://vsdigital-bookingwidget-prod.azurewebsites.net/widget,ERROR_PAGE,EMPTY_TITLE_INVALID_URL,,1,2,['select'],"['error', ""the link you've opened isn't working as expected""]",,31630,2.750314950942993,"<html lang=""en"" style=""--default-icon-primary: #2b515c;""><head><meta charset=""utf-8""><title></title><link rel=""preconnect"" href=""https://fonts.googleapis.com""><link rel=""preconnect"" href=""https://fonts.gstatic.com"" crossorigin=""""><link href=""https://fonts.googleapis.com/css2?family=inter:ital,opsz,wght@0,14..32,100..900;1,14..32,100..900&amp;display=swap"" rel=""stylesheet""><link href=""https://fonts.googleapis.com/icon?family=material+icons"" rel=""stylesheet""><link rel=""stylesheet"" href=""https://fo",,2025-06-24T23:20:48.452659
NzI=,https://vsdigital-bookingwidget-prod.azurewebsites.net/b/NzI=,https://vsdigital-bookingwidget-prod.azurewebsites.net/widget,ERROR_PAGE,EMPTY_TITLE_INVALID_URL,,1,2,['select'],"['error', ""the link you've opened isn't working as expected""]",,31630,2.9534661769866943,"<html lang=""en"" style=""--default-icon-primary: #2b515c;""><head><meta charset=""utf-8""><title></title><link rel=""preconnect"" href=""https://fonts.googleapis.com""><link rel=""preconnect"" href=""https://fonts.gstatic.com"" crossorigin=""""><link href=""https://fonts.googleapis.com/css2?family=inter:ital,opsz,wght@0,14..32,100..900;1,14..32,100..900&amp;display=swap"" rel=""stylesheet""><link href=""https://fonts.googleapis.com/icon?family=material+icons"" rel=""stylesheet""><link rel=""stylesheet"" href=""https://fo",,2025-06-24T23:20:51.512242
NzM=,https://vsdigital-bookingwidget-prod.azurewebsites.net/b/NzM=,https://vsdigital-bookingwidget-prod.azurewebsites.net/widget,ERROR_PAGE,EMPTY_TITLE_INVALID_URL,,1,2,['select'],"['error', ""the link you've opened isn't working as expected""]",,31630,2.618628740310669,"<html lang=""en"" style=""--default-icon-primary: #2b515c;""><head><meta charset=""utf-8""><title></title><link rel=""preconnect"" href=""https://fonts.googleapis.com""><link rel=""preconnect"" href=""https://fonts.gstatic.com"" crossorigin=""""><link href=""https://fonts.googleapis.com/css2?family=inter:ital,opsz,wght@0,14..32,100..900;1,14..32,100..900&amp;display=swap"" rel=""stylesheet""><link href=""https://fonts.googleapis.com/icon?family=material+icons"" rel=""stylesheet""><link rel=""stylesheet"" href=""https://fo",,2025-06-24T23:20:54.236387
NzQ=,https://vsdigital-bookingwidget-prod.azurewebsites.net/b/NzQ=,https://vsdigital-bookingwidget-prod.azurewebsites.net/widget,ERROR_PAGE,EMPTY_TITLE_INVALID_URL,,1,2,['select'],"['error', ""the link you've opened isn't working as expected""]",,31630,2.9446980953216553,"<html lang=""en"" style=""--default-icon-primary: #2b515c;""><head><meta charset=""utf-8""><title></title><link rel=""preconnect"" href=""https://fonts.googleapis.com""><link rel=""preconnect"" href=""https://fonts.gstatic.com"" crossorigin=""""><link href=""https://fonts.googleapis.com/css2?family=inter:ital,opsz,wght@0,14..32,100..900;1,14..32,100..900&amp;display=swap"" rel=""stylesheet""><link href=""https://fonts.googleapis.com/icon?family=material+icons"" rel=""stylesheet""><link rel=""stylesheet"" href=""https://fo",,2025-06-24T23:20:57.287058
NzU=,https://vsdigital-bookingwidget-prod.azurewebsites.net/b/NzU=,https://vsdigital-bookingwidget-prod.azurewebsites.net/widget,ERROR_PAGE,EMPTY_TITLE_INVALID_URL,,1,2,['select'],"['error', ""the link you've opened isn't working as expected""]",,31630,2.6196842193603516,"<html lang=""en"" style=""--default-icon-primary: #2b515c;""><head><meta charset=""utf-8""><title></title><link rel=""preconnect"" href=""https://fonts.googleapis.com""><link rel=""preconnect"" href=""https://fonts.gstatic.com"" crossorigin=""""><link href=""https://fonts.googleapis.com/css2?family=inter:ital,opsz,wght@0,14..32,100..900;1,14..32,100..900&amp;display=swap"" rel=""stylesheet""><link href=""https://fonts.googleapis.com/icon?family=material+icons"" rel=""stylesheet""><link rel=""stylesheet"" href=""https://fo",,2025-06-24T23:21:00.012565
NzY=,https://vsdigital-bookingwidget-prod.azurewebsites.net/b/NzY=,https://vsdigital-bookingwidget-prod.azurewebsites.net/widget,ERROR_PAGE,EMPTY_TITLE_INVALID_URL,,1,2,['select'],"['error', ""the link you've opened isn't working as expected""]",,31630,2.2013471126556396,"<html lang=""en"" style=""--default-icon-primary: #2b515c;""><head><meta charset=""utf-8""><title></title><link rel=""preconnect"" href=""https://fonts.googleapis.com""><link rel=""preconnect"" href=""https://fonts.gstatic.com"" crossorigin=""""><link href=""https://fonts.googleapis.com/css2?family=inter:ital,opsz,wght@0,14..32,100..900;1,14..32,100..900&amp;display=swap"" rel=""stylesheet""><link href=""https://fonts.googleapis.com/icon?family=material+icons"" rel=""stylesheet""><link rel=""stylesheet"" href=""https://fo",,2025-06-24T23:21:02.319419
Nzc=,https://vsdigital-bookingwidget-prod.azurewebsites.net/b/Nzc=,https://vsdigital-bookingwidget-prod.azurewebsites.net/widget,ERROR_PAGE,EMPTY_TITLE_INVALID_URL,,1,2,['select'],"['error', ""the link you've opened isn't working as expected""]",,31630,2.587831974029541,"<html lang=""en"" style=""--default-icon-primary: #2b515c;""><head><meta charset=""utf-8""><title></title><link rel=""preconnect"" href=""https://fonts.googleapis.com""><link rel=""preconnect"" href=""https://fonts.gstatic.com"" crossorigin=""""><link href=""https://fonts.googleapis.com/css2?family=inter:ital,opsz,wght@0,14..32,100..900;1,14..32,100..900&amp;display=swap"" rel=""stylesheet""><link href=""https://fonts.googleapis.com/icon?family=material+icons"" rel=""stylesheet""><link rel=""stylesheet"" href=""https://fo",,2025-06-24T23:21:05.013606
Nzg=,https://vsdigital-bookingwidget-prod.azurewebsites.net/b/Nzg=,https://vsdigital-bookingwidget-prod.azurewebsites.net/widget,ERROR_PAGE,EMPTY_TITLE_INVALID_URL,,1,2,['select'],"['error', ""the link you've opened isn't working as expected""]",,31630,2.5483713150024414,"<html lang=""en"" style=""--default-icon-primary: #2b515c;""><head><meta charset=""utf-8""><title></title><link rel=""preconnect"" href=""https://fonts.googleapis.com""><link rel=""preconnect"" href=""https://fonts.gstatic.com"" crossorigin=""""><link href=""https://fonts.googleapis.com/css2?family=inter:ital,opsz,wght@0,14..32,100..900;1,14..32,100..900&amp;display=swap"" rel=""stylesheet""><link href=""https://fonts.googleapis.com/icon?family=material+icons"" rel=""stylesheet""><link rel=""stylesheet"" href=""https://fo",,2025-06-24T23:21:07.664943
Nzk=,https://vsdigital-bookingwidget-prod.azurewebsites.net/b/Nzk=,https://vsdigital-bookingwidget-prod.azurewebsites.net/widget,ERROR_PAGE,EMPTY_TITLE_INVALID_URL,,1,2,['select'],"['error', ""the link you've opened isn't working as expected""]",,31630,1.8399591445922852,"<html lang=""en"" style=""--default-icon-primary: #2b515c;""><head><meta charset=""utf-8""><title></title><link rel=""preconnect"" href=""https://fonts.googleapis.com""><link rel=""preconnect"" href=""https://fonts.gstatic.com"" crossorigin=""""><link href=""https://fonts.googleapis.com/css2?family=inter:ital,opsz,wght@0,14..32,100..900;1,14..32,100..900&amp;display=swap"" rel=""stylesheet""><link href=""https://fonts.googleapis.com/icon?family=material+icons"" rel=""stylesheet""><link rel=""stylesheet"" href=""https://fo",,2025-06-24T23:21:09.610925
ODA=,https://vsdigital-bookingwidget-prod.azurewebsites.net/b/ODA=,https://vsdigital-bookingwidget-prod.azurewebsites.net/widget,ERROR_PAGE,EMPTY_TITLE_INVALID_URL,,1,2,['select'],"['error', ""the link you've opened isn't working as expected""]",,31630,2.202101945877075,"<html lang=""en"" style=""--default-icon-primary: #2b515c;""><head><meta charset=""utf-8""><title></title><link rel=""preconnect"" href=""https://fonts.googleapis.com""><link rel=""preconnect"" href=""https://fonts.gstatic.com"" crossorigin=""""><link href=""https://fonts.googleapis.com/css2?family=inter:ital,opsz,wght@0,14..32,100..900;1,14..32,100..900&amp;display=swap"" rel=""stylesheet""><link href=""https://fonts.googleapis.com/icon?family=material+icons"" rel=""stylesheet""><link rel=""stylesheet"" href=""https://fo",,2025-06-24T23:21:11.915855
ODE=,https://vsdigital-bookingwidget-prod.azurewebsites.net/b/ODE=,https://vsdigital-bookingwidget-prod.azurewebsites.net/widget,ERROR_PAGE,EMPTY_TITLE_INVALID_URL,,1,2,['select'],"['error', ""the link you've opened isn't working as expected""]",,31630,2.2293360233306885,"<html lang=""en"" style=""--default-icon-primary: #2b515c;""><head><meta charset=""utf-8""><title></title><link rel=""preconnect"" href=""https://fonts.googleapis.com""><link rel=""preconnect"" href=""https://fonts.gstatic.com"" crossorigin=""""><link href=""https://fonts.googleapis.com/css2?family=inter:ital,opsz,wght@0,14..32,100..900;1,14..32,100..900&amp;display=swap"" rel=""stylesheet""><link href=""https://fonts.googleapis.com/icon?family=material+icons"" rel=""stylesheet""><link rel=""stylesheet"" href=""https://fo",,2025-06-24T23:21:14.247382
ODI=,https://vsdigital-bookingwidget-prod.azurewebsites.net/b/ODI=,https://vsdigital-bookingwidget-prod.azurewebsites.net/widget,ERROR_PAGE,EMPTY_TITLE_INVALID_URL,,1,2,['select'],"['error', ""the link you've opened isn't working as expected""]",,31630,8.447019100189209,"<html lang=""en"" style=""--default-icon-primary: #2b515c;""><head><meta charset=""utf-8""><title></title><link rel=""preconnect"" href=""https://fonts.googleapis.com""><link rel=""preconnect"" href=""https://fonts.gstatic.com"" crossorigin=""""><link href=""https://fonts.googleapis.com/css2?family=inter:ital,opsz,wght@0,14..32,100..900;1,14..32,100..900&amp;display=swap"" rel=""stylesheet""><link href=""https://fonts.googleapis.com/icon?family=material+icons"" rel=""stylesheet""><link rel=""stylesheet"" href=""https://fo",,2025-06-24T23:21:22.800874
ODM=,https://vsdigital-bookingwidget-prod.azurewebsites.net/b/ODM=,https://vsdigital-bookingwidget-prod.azurewebsites.net/widget,ERROR_PAGE,EMPTY_TITLE_INVALID_URL,,1,2,['select'],"['error', ""the link you've opened isn't working as expected""]",,31630,2.9651620388031006,"<html lang=""en"" style=""--default-icon-primary: #2b515c;""><head><meta charset=""utf-8""><title></title><link rel=""preconnect"" href=""https://fonts.googleapis.com""><link rel=""preconnect"" href=""https://fonts.gstatic.com"" crossorigin=""""><link href=""https://fonts.googleapis.com/css2?family=inter:ital,opsz,wght@0,14..32,100..900;1,14..32,100..900&amp;display=swap"" rel=""stylesheet""><link href=""https://fonts.googleapis.com/icon?family=material+icons"" rel=""stylesheet""><link rel=""stylesheet"" href=""https://fo",,2025-06-24T23:21:25.871963
ODQ=,https://vsdigital-bookingwidget-prod.azurewebsites.net/b/ODQ=,https://vsdigital-bookingwidget-prod.azurewebsites.net/widget,ERROR_PAGE,EMPTY_TITLE_INVALID_URL,,1,2,['select'],"['error', ""the link you've opened isn't working as expected""]",,31630,2.3824501037597656,"<html lang=""en"" style=""--default-icon-primary: #2b515c;""><head><meta charset=""utf-8""><title></title><link rel=""preconnect"" href=""https://fonts.googleapis.com""><link rel=""preconnect"" href=""https://fonts.gstatic.com"" crossorigin=""""><link href=""https://fonts.googleapis.com/css2?family=inter:ital,opsz,wght@0,14..32,100..900;1,14..32,100..900&amp;display=swap"" rel=""stylesheet""><link href=""https://fonts.googleapis.com/icon?family=material+icons"" rel=""stylesheet""><link rel=""stylesheet"" href=""https://fo",,2025-06-24T23:21:28.358176
ODU=,https://vsdigital-bookingwidget-prod.azurewebsites.net/b/ODU=,https://vsdigital-bookingwidget-prod.azurewebsites.net/widget,ERROR_PAGE,EMPTY_TITLE_INVALID_URL,,1,2,['select'],"['error', ""the link you've opened isn't working as expected""]",,31630,2.5787012577056885,"<html lang=""en"" style=""--default-icon-primary: #2b515c;""><head><meta charset=""utf-8""><title></title><link rel=""preconnect"" href=""https://fonts.googleapis.com""><link rel=""preconnect"" href=""https://fonts.gstatic.com"" crossorigin=""""><link href=""https://fonts.googleapis.com/css2?family=inter:ital,opsz,wght@0,14..32,100..900;1,14..32,100..900&amp;display=swap"" rel=""stylesheet""><link href=""https://fonts.googleapis.com/icon?family=material+icons"" rel=""stylesheet""><link rel=""stylesheet"" href=""https://fo",,2025-06-24T23:21:31.041593
ODY=,https://vsdigital-bookingwidget-prod.azurewebsites.net/b/ODY=,https://vsdigital-bookingwidget-prod.azurewebsites.net/widget,ERROR_PAGE,EMPTY_TITLE_INVALID_URL,,1,2,['select'],"['error', ""the link you've opened isn't working as expected""]",,31630,1.9071998596191406,"<html lang=""en"" style=""--default-icon-primary: #2b515c;""><head><meta charset=""utf-8""><title></title><link rel=""preconnect"" href=""https://fonts.googleapis.com""><link rel=""preconnect"" href=""https://fonts.gstatic.com"" crossorigin=""""><link href=""https://fonts.googleapis.com/css2?family=inter:ital,opsz,wght@0,14..32,100..900;1,14..32,100..900&amp;display=swap"" rel=""stylesheet""><link href=""https://fonts.googleapis.com/icon?family=material+icons"" rel=""stylesheet""><link rel=""stylesheet"" href=""https://fo",,2025-06-24T23:21:33.054709
ODc=,https://vsdigital-bookingwidget-prod.azurewebsites.net/b/ODc=,https://vsdigital-bookingwidget-prod.azurewebsites.net/widget,ERROR_PAGE,EMPTY_TITLE_INVALID_URL,,1,2,['select'],"['error', ""the link you've opened isn't working as expected""]",,31630,2.3473379611968994,"<html lang=""en"" style=""--default-icon-primary: #2b515c;""><head><meta charset=""utf-8""><title></title><link rel=""preconnect"" href=""https://fonts.googleapis.com""><link rel=""preconnect"" href=""https://fonts.gstatic.com"" crossorigin=""""><link href=""https://fonts.googleapis.com/css2?family=inter:ital,opsz,wght@0,14..32,100..900;1,14..32,100..900&amp;display=swap"" rel=""stylesheet""><link href=""https://fonts.googleapis.com/icon?family=material+icons"" rel=""stylesheet""><link rel=""stylesheet"" href=""https://fo",,2025-06-24T23:21:35.507902
ODg=,https://vsdigital-bookingwidget-prod.azurewebsites.net/b/ODg=,https://vsdigital-bookingwidget-prod.azurewebsites.net/widget,ERROR_PAGE,EMPTY_TITLE_INVALID_URL,,1,2,['select'],"['error', ""the link you've opened isn't working as expected""]",,31630,2.0316247940063477,"<html lang=""en"" style=""--default-icon-primary: #2b515c;""><head><meta charset=""utf-8""><title></title><link rel=""preconnect"" href=""https://fonts.googleapis.com""><link rel=""preconnect"" href=""https://fonts.gstatic.com"" crossorigin=""""><link href=""https://fonts.googleapis.com/css2?family=inter:ital,opsz,wght@0,14..32,100..900;1,14..32,100..900&amp;display=swap"" rel=""stylesheet""><link href=""https://fonts.googleapis.com/icon?family=material+icons"" rel=""stylesheet""><link rel=""stylesheet"" href=""https://fo",,2025-06-24T23:21:37.642838
ODk=,https://vsdigital-bookingwidget-prod.azurewebsites.net/b/ODk=,https://vsdigital-bookingwidget-prod.azurewebsites.net/widget,ERROR_PAGE,EMPTY_TITLE_INVALID_URL,,1,2,['select'],"['error', ""the link you've opened isn't working as expected""]",,31630,2.051300048828125,"<html lang=""en"" style=""--default-icon-primary: #2b515c;""><head><meta charset=""utf-8""><title></title><link rel=""preconnect"" href=""https://fonts.googleapis.com""><link rel=""preconnect"" href=""https://fonts.gstatic.com"" crossorigin=""""><link href=""https://fonts.googleapis.com/css2?family=inter:ital,opsz,wght@0,14..32,100..900;1,14..32,100..900&amp;display=swap"" rel=""stylesheet""><link href=""https://fonts.googleapis.com/icon?family=material+icons"" rel=""stylesheet""><link rel=""stylesheet"" href=""https://fo",,2025-06-24T23:21:39.796759
OTA=,https://vsdigital-bookingwidget-prod.azurewebsites.net/b/OTA=,https://vsdigital-bookingwidget-prod.azurewebsites.net/widget,ERROR_PAGE,EMPTY_TITLE_INVALID_URL,,1,2,['select'],"['error', ""the link you've opened isn't working as expected""]",,31630,2.2669601440429688,"<html lang=""en"" style=""--default-icon-primary: #2b515c;""><head><meta charset=""utf-8""><title></title><link rel=""preconnect"" href=""https://fonts.googleapis.com""><link rel=""preconnect"" href=""https://fonts.gstatic.com"" crossorigin=""""><link href=""https://fonts.googleapis.com/css2?family=inter:ital,opsz,wght@0,14..32,100..900;1,14..32,100..900&amp;display=swap"" rel=""stylesheet""><link href=""https://fonts.googleapis.com/icon?family=material+icons"" rel=""stylesheet""><link rel=""stylesheet"" href=""https://fo",,2025-06-24T23:21:42.167130
OTE=,https://vsdigital-bookingwidget-prod.azurewebsites.net/b/OTE=,https://vsdigital-bookingwidget-prod.azurewebsites.net/widget,ERROR_PAGE,EMPTY_TITLE_INVALID_URL,,1,2,['select'],"['error', ""the link you've opened isn't working as expected""]",,31630,1.6823079586029053,"<html lang=""en"" style=""--default-icon-primary: #2b515c;""><head><meta charset=""utf-8""><title></title><link rel=""preconnect"" href=""https://fonts.googleapis.com""><link rel=""preconnect"" href=""https://fonts.gstatic.com"" crossorigin=""""><link href=""https://fonts.googleapis.com/css2?family=inter:ital,opsz,wght@0,14..32,100..900;1,14..32,100..900&amp;display=swap"" rel=""stylesheet""><link href=""https://fonts.googleapis.com/icon?family=material+icons"" rel=""stylesheet""><link rel=""stylesheet"" href=""https://fo",,2025-06-24T23:21:43.953154
OTI=,https://vsdigital-bookingwidget-prod.azurewebsites.net/b/OTI=,https://vsdigital-bookingwidget-prod.azurewebsites.net/widget,ERROR_PAGE,EMPTY_TITLE_INVALID_URL,,1,2,['select'],"['error', ""the link you've opened isn't working as expected""]",,31630,1.9150018692016602,"<html lang=""en"" style=""--default-icon-primary: #2b515c;""><head><meta charset=""utf-8""><title></title><link rel=""preconnect"" href=""https://fonts.googleapis.com""><link rel=""preconnect"" href=""https://fonts.gstatic.com"" crossorigin=""""><link href=""https://fonts.googleapis.com/css2?family=inter:ital,opsz,wght@0,14..32,100..900;1,14..32,100..900&amp;display=swap"" rel=""stylesheet""><link href=""https://fonts.googleapis.com/icon?family=material+icons"" rel=""stylesheet""><link rel=""stylesheet"" href=""https://fo",,2025-06-24T23:21:45.973823
OTM=,https://vsdigital-bookingwidget-prod.azurewebsites.net/b/OTM=,https://vsdigital-bookingwidget-prod.azurewebsites.net/widget,ERROR_PAGE,EMPTY_TITLE_INVALID_URL,,1,2,['select'],"['error', ""the link you've opened isn't working as expected""]",,31630,2.089689016342163,"<html lang=""en"" style=""--default-icon-primary: #2b515c;""><head><meta charset=""utf-8""><title></title><link rel=""preconnect"" href=""https://fonts.googleapis.com""><link rel=""preconnect"" href=""https://fonts.gstatic.com"" crossorigin=""""><link href=""https://fonts.googleapis.com/css2?family=inter:ital,opsz,wght@0,14..32,100..900;1,14..32,100..900&amp;display=swap"" rel=""stylesheet""><link href=""https://fonts.googleapis.com/icon?family=material+icons"" rel=""stylesheet""><link rel=""stylesheet"" href=""https://fo",,2025-06-24T23:21:48.165838
OTQ=,https://vsdigital-bookingwidget-prod.azurewebsites.net/b/OTQ=,https://vsdigital-bookingwidget-prod.azurewebsites.net/widget,ERROR_PAGE,EMPTY_TITLE_INVALID_URL,,1,2,['select'],"['error', ""the link you've opened isn't working as expected""]",,31630,2.059499979019165,"<html lang=""en"" style=""--default-icon-primary: #2b515c;""><head><meta charset=""utf-8""><title></title><link rel=""preconnect"" href=""https://fonts.googleapis.com""><link rel=""preconnect"" href=""https://fonts.gstatic.com"" crossorigin=""""><link href=""https://fonts.googleapis.com/css2?family=inter:ital,opsz,wght@0,14..32,100..900;1,14..32,100..900&amp;display=swap"" rel=""stylesheet""><link href=""https://fonts.googleapis.com/icon?family=material+icons"" rel=""stylesheet""><link rel=""stylesheet"" href=""https://fo",,2025-06-24T23:21:50.328232
OTU=,https://vsdigital-bookingwidget-prod.azurewebsites.net/b/OTU=,https://vsdigital-bookingwidget-prod.azurewebsites.net/widget,ERROR_PAGE,EMPTY_TITLE_INVALID_URL,,1,2,['select'],"['error', ""the link you've opened isn't working as expected""]",,31630,2.4051971435546875,"<html lang=""en"" style=""--default-icon-primary: #2b515c;""><head><meta charset=""utf-8""><title></title><link rel=""preconnect"" href=""https://fonts.googleapis.com""><link rel=""preconnect"" href=""https://fonts.gstatic.com"" crossorigin=""""><link href=""https://fonts.googleapis.com/css2?family=inter:ital,opsz,wght@0,14..32,100..900;1,14..32,100..900&amp;display=swap"" rel=""stylesheet""><link href=""https://fonts.googleapis.com/icon?family=material+icons"" rel=""stylesheet""><link rel=""stylesheet"" href=""https://fo",,2025-06-24T23:21:52.836075
OTY=,https://vsdigital-bookingwidget-prod.azurewebsites.net/b/OTY=,https://vsdigital-bookingwidget-prod.azurewebsites.net/widget,ERROR_PAGE,EMPTY_TITLE_INVALID_URL,,1,2,['select'],"['error', ""the link you've opened isn't working as expected""]",,31630,1.905566930770874,"<html lang=""en"" style=""--default-icon-primary: #2b515c;""><head><meta charset=""utf-8""><title></title><link rel=""preconnect"" href=""https://fonts.googleapis.com""><link rel=""preconnect"" href=""https://fonts.gstatic.com"" crossorigin=""""><link href=""https://fonts.googleapis.com/css2?family=inter:ital,opsz,wght@0,14..32,100..900;1,14..32,100..900&amp;display=swap"" rel=""stylesheet""><link href=""https://fonts.googleapis.com/icon?family=material+icons"" rel=""stylesheet""><link rel=""stylesheet"" href=""https://fo",,2025-06-24T23:21:54.847554
OTc=,https://vsdigital-bookingwidget-prod.azurewebsites.net/b/OTc=,https://vsdigital-bookingwidget-prod.azurewebsites.net/widget,ERROR_PAGE,EMPTY_TITLE_INVALID_URL,,1,2,['select'],"['error', ""the link you've opened isn't working as expected""]",,31630,2.7384960651397705,"<html lang=""en"" style=""--default-icon-primary: #2b515c;""><head><meta charset=""utf-8""><title></title><link rel=""preconnect"" href=""https://fonts.googleapis.com""><link rel=""preconnect"" href=""https://fonts.gstatic.com"" crossorigin=""""><link href=""https://fonts.googleapis.com/css2?family=inter:ital,opsz,wght@0,14..32,100..900;1,14..32,100..900&amp;display=swap"" rel=""stylesheet""><link href=""https://fonts.googleapis.com/icon?family=material+icons"" rel=""stylesheet""><link rel=""stylesheet"" href=""https://fo",,2025-06-24T23:21:57.689414
OTg=,https://vsdigital-bookingwidget-prod.azurewebsites.net/b/OTg=,https://vsdigital-bookingwidget-prod.azurewebsites.net/widget,ERROR_PAGE,EMPTY_TITLE_INVALID_URL,,1,2,['select'],"['error', ""the link you've opened isn't working as expected""]",,31630,2.0440971851348877,"<html lang=""en"" style=""--default-icon-primary: #2b515c;""><head><meta charset=""utf-8""><title></title><link rel=""preconnect"" href=""https://fonts.googleapis.com""><link rel=""preconnect"" href=""https://fonts.gstatic.com"" crossorigin=""""><link href=""https://fonts.googleapis.com/css2?family=inter:ital,opsz,wght@0,14..32,100..900;1,14..32,100..900&amp;display=swap"" rel=""stylesheet""><link href=""https://fonts.googleapis.com/icon?family=material+icons"" rel=""stylesheet""><link rel=""stylesheet"" href=""https://fo",,2025-06-24T23:21:59.839541
OTk=,https://vsdigital-bookingwidget-prod.azurewebsites.net/b/OTk=,https://vsdigital-bookingwidget-prod.azurewebsites.net/widget,ERROR_PAGE,EMPTY_TITLE_INVALID_URL,,1,2,['select'],"['error', ""the link you've opened isn't working as expected""]",,31630,2.5797410011291504,"<html lang=""en"" style=""--default-icon-primary: #2b515c;""><head><meta charset=""utf-8""><title></title><link rel=""preconnect"" href=""https://fonts.googleapis.com""><link rel=""preconnect"" href=""https://fonts.gstatic.com"" crossorigin=""""><link href=""https://fonts.googleapis.com/css2?family=inter:ital,opsz,wght@0,14..32,100..900;1,14..32,100..900&amp;display=swap"" rel=""stylesheet""><link href=""https://fonts.googleapis.com/icon?family=material+icons"" rel=""stylesheet""><link rel=""stylesheet"" href=""https://fo",,2025-06-24T23:22:02.525731
MTAw,https://vsdigital-bookingwidget-prod.azurewebsites.net/b/MTAw,https://vsdigital-bookingwidget-prod.azurewebsites.net/widget,ERROR_PAGE,EMPTY_TITLE_INVALID_URL,,1,2,['select'],"['error', ""the link you've opened isn't working as expected""]",,31630,1.720470905303955,"<html lang=""en"" style=""--default-icon-primary: #2b515c;""><head><meta charset=""utf-8""><title></title><link rel=""preconnect"" href=""https://fonts.googleapis.com""><link rel=""preconnect"" href=""https://fonts.gstatic.com"" crossorigin=""""><link href=""https://fonts.googleapis.com/css2?family=inter:ital,opsz,wght@0,14..32,100..900;1,14..32,100..900&amp;display=swap"" rel=""stylesheet""><link href=""https://fonts.googleapis.com/icon?family=material+icons"" rel=""stylesheet""><link rel=""stylesheet"" href=""https://fo",,2025-06-24T23:22:04.348626
